Route,Location,URL,"Avg Stars","Your Stars","Route Type",Rating,Pitches,Length,"Area Latitude","Area Longitude"
"Soul Slinger","Soul Slinger Boulder > Cave Area > Buttermilks Main > Buttermilk Country > Bishop Area > Sierra Eastside > California",https://www.mountainproject.com/route/105908345/soul-slinger,3.8,-1,Boulder,V9,1,14,37.32868,-118.57635
"Acid Wash","Acid Wash Cave > Slow Dance/Gleaner Area > Happy Boulders > Volcanic Tablelands (Happy/Sad Boulders) > Bishop Area > Sierra Eastside > California",https://www.mountainproject.com/route/107029681/acid-wash,3.3,-1,Boulder,V9,1,15,37.41682,-118.4512
"Acid Wash Right","Acid Wash Cave > Slow Dance/Gleaner Area > Happy Boulders > Volcanic Tablelands (Happy/Sad Boulders) > Bishop Area > Sierra Eastside > California",https://www.mountainproject.com/route/107029691/acid-wash-right,3.1,-1,Boulder,V9,1,15,37.41682,-118.4512
"Finders Fee","Honey Boulder > Pollen Grains / Lidija Boulders > Buttermilk Country > Bishop Area > Sierra Eastside > California",https://www.mountainproject.com/route/108700842/finders-fee,3.8,-1,Boulder,V9,1,,37.337,-118.5702
"Vanishing Point","Vanishing Point Boulder > Long Valley > The Tramway > San Jacinto Mountains > California",https://www.mountainproject.com/route/107674959/vanishing-point,3.9,-1,Boulder,V9,1,16,33.81442,-116.64229
"Left Hand of Darkness","Boardwalk Boulder - NW Face > Boardwalk Boulder > Boardwalk Area > Shangri-La Valley > The Tramway > San Jacinto Mountains > California",https://www.mountainproject.com/route/111599523/left-hand-of-darkness,4.0,-1,Boulder,V9,1,12,33.81738,-116.64868
"Pimp Juice","Pimp Juice Boulder > Trailhead Boulders > Pie Shop Bouldering > The Pie Shop > South Shore > Lake Tahoe > California",https://www.mountainproject.com/route/111753270/pimp-juice,3.9,-1,Boulder,V9,1,,38.88064,-120.01097
Thriller,"Thriller Boulder > Camp 4 Boulders > * Yosemite Valley Bouldering > Yosemite Valley > Yosemite National Park > California",https://www.mountainproject.com/route/106074984/thriller,4.0,-1,Boulder,V9,1,,37.74325,-119.60225
Slunk,"Slunk Boulder > Kindergarten Area > Sad Boulders > Volcanic Tablelands (Happy/Sad Boulders) > Bishop Area > Sierra Eastside > California",https://www.mountainproject.com/route/106068491/slunk,3.7,-1,Boulder,V9,1,,37.4226,-118.4346
"The Fall Guy","Stained Glass/Flyboy Area > Buttermilks Main > Buttermilk Country > Bishop Area > Sierra Eastside > California",https://www.mountainproject.com/route/106070948/the-fall-guy,4.0,-1,Boulder,"V9 PG13",1,20,37.33057,-118.57834
"Campground Arete","Campground Boulder > Rock Creek Bouldering > Rock Creek > Mammoth Lakes Area > Sierra Eastside > California",https://www.mountainproject.com/route/106297247/campground-arete,3.9,-1,Boulder,V9,1,20,37.5103,-118.7147
Hobo,"The Saddle Boulder > The Saddles > Donner/Truckee Bouldering > I-80 Corridor > Lake Tahoe > California",https://www.mountainproject.com/route/119485939/hobo,4.0,-1,Boulder,V9,1,15,39.29877,-120.29473
"Heavy Artillery","May Lake - Battle Tanks > * Tuolumne Bouldering > Tuolumne Meadows > Yosemite National Park > California",https://www.mountainproject.com/route/118565115/heavy-artillery,4.0,-1,Boulder,V9,1,,37.85149,-119.48827
"Last Dance","Slow Dance Cave > Slow Dance/Gleaner Area > Happy Boulders > Volcanic Tablelands (Happy/Sad Boulders) > Bishop Area > Sierra Eastside > California",https://www.mountainproject.com/route/106129137/last-dance,2.7,-1,Boulder,V9,1,,37.41624,-118.44938
"The Force","Thriller Boulder > Camp 4 Boulders > * Yosemite Valley Bouldering > Yosemite Valley > Yosemite National Park > California",https://www.mountainproject.com/route/106081723/the-force,3.8,-1,Boulder,V9,1,,37.74325,-119.60225
"Twin Cracks","Get Carter Boulder > Buttermilk Country > Bishop Area > Sierra Eastside > California",https://www.mountainproject.com/route/109646283/twin-cracks,3.3,-1,Boulder,V9,1,,37.3388,-118.5776
Purgatory,"Dancing Outlaw Boulder > The Brickyard > * Santa Barbara Bouldering > Santa Barbara > Central Coast > California",https://www.mountainproject.com/route/108144323/purgatory,3.8,-1,Boulder,V9,1,,34.4983,-119.86135
"Future Present","Orange Block > Hope Valley > South Shore > Lake Tahoe > California",https://www.mountainproject.com/route/122473032/future-present,3.6,-1,Boulder,V9,1,13,38.78754,-119.92112
Interstellar,"WhiskeyTown Dam Boulders > Redding Area > Northeast California > California",https://www.mountainproject.com/route/118863747/interstellar,4.0,-1,Boulder,"V9 PG13",1,15,40.59773,-122.53954
Deforestation,"Parking Lot Rock > Castle Rock Loop > * Castle Rock Area Bouldering > Castle Rock Area > South Bay Area > San Francisco Bay Area > California",https://www.mountainproject.com/route/106319806/deforestation,3.5,-1,Boulder,V9,1,14,37.2296,-122.0952
Footprints,"Grandpa Peabody Boulder > Peabody Boulders > Buttermilks Main > Buttermilk Country > Bishop Area > Sierra Eastside > California",https://www.mountainproject.com/route/109743926/footprints,3.9,-1,Boulder,"V9 X",1,50,37.32817,-118.57477
"Spirit Bomb","Cannonball Boulder > Windy Boulders Central > Windy Boulders > Culp Valley > San Diego County Desert Area > San Diego County > California",https://www.mountainproject.com/route/120232633/spirit-bomb,4.0,-1,Boulder,V9,1,8,33.21361,-116.45515
"Egypt Air","Mortar Rock > Mortar Rock Park > Berkeley > East Bay Area > San Francisco Bay Area > California",https://www.mountainproject.com/route/120369520/egypt-air,4.0,-1,Boulder,"V9 PG13",1,20,37.89327,-122.2724
"Bushwacker Direct Low","Indian Joe Caves bouldering > Indian Joe Caves > East Bay Area > San Francisco Bay Area > California",https://www.mountainproject.com/route/111778871/bushwacker-direct-low,4.0,-1,Boulder,V9,1,,37.52484,-121.81869
Unborn,"Swallow Rock Boulders > Swallow Rock > Dos Rios > *Northwest California Bouldering > Northwest California > California",https://www.mountainproject.com/route/119130574/unborn,4.0,-1,Boulder,V9,1,20,39.7113,-123.34206
Nitiri,"Satellite #1 > The Saddles > Donner/Truckee Bouldering > I-80 Corridor > Lake Tahoe > California",https://www.mountainproject.com/route/121351125/nitiri,4.0,-1,Boulder,V9,1,15,39.29812,-120.29551
Dude,"The Boy Named Sue Boulder > Rock Creek Bouldering > Rock Creek > Mammoth Lakes Area > Sierra Eastside > California",https://www.mountainproject.com/route/107483852/dude,4.0,-1,Boulder,V9,1,,37.5092,-118.7152
"Countdown To Extinction","West Nile Boulder (aka The Creek Boulder) > * Santa Barbara Bouldering > Santa Barbara > Central Coast > California",https://www.mountainproject.com/route/108673495/countdown-to-extinction,3.3,-1,Boulder,V9,1,,34.45822,-119.69224
"Wasp Bit","Upper Catway Canyon > Romero Canyon Bouldering > * Santa Barbara Bouldering > Santa Barbara > Central Coast > California",https://www.mountainproject.com/route/123465754/wasp-bit,4.0,-1,Boulder,V9,1,15,34.46023,-119.59834
"PJ tight","Pimp Juice Boulder > Trailhead Boulders > Pie Shop Bouldering > The Pie Shop > South Shore > Lake Tahoe > California",https://www.mountainproject.com/route/118108628/pj-tight,3.8,-1,Boulder,V9,1,,38.88064,-120.01097
"Helen of Troy","Hanging Garden area > Mount Woodson > North San Diego County > San Diego County > California",https://www.mountainproject.com/route/120464012/helen-of-troy,4.0,-1,Boulder,V9,1,16,33.01125,-116.96287
"This Side of Paradise","Bardini Boulder > Bardini Boulders > Buttermilk Country > Bishop Area > Sierra Eastside > California",https://www.mountainproject.com/route/114104162/this-side-of-paradise,4.0,-1,Boulder,V9,1,33,37.31797,-118.58542
"Skin in the Game","Split Rock East > Split Rock Area > Donner Memorial State Park > Donner/Truckee Bouldering > I-80 Corridor > Lake Tahoe > California",https://www.mountainproject.com/route/121090351/skin-in-the-game,4.0,-1,Boulder,V9,1,,39.31857,-120.23577
"Heart of Darkness","Heart of Darkness > Intersection Boulders > * Yosemite Valley Bouldering > Yosemite Valley > Yosemite National Park > California",https://www.mountainproject.com/route/118247849/heart-of-darkness,3.8,-1,Boulder,"V9 PG13",1,15,37.72131,-119.69772
"Bomb Threat","Wooden Cobra > Coldstream Canyon > Donner/Truckee Bouldering > I-80 Corridor > Lake Tahoe > California",https://www.mountainproject.com/route/123176486/bomb-threat,4.0,-1,Boulder,V9,1,15,39.29847,-120.29452
"Off the Couch","Picnic Area Boulders > Pine Mountain > Hwy 33/Ojai Bouldering > Hwy 33/Ojai > Central Coast > California",https://www.mountainproject.com/route/120027884/off-the-couch,4.0,-1,Boulder,V9,1,10,34.63912,-119.32692
"Honor Among Thieves","Honor Among Thieves Area > Camp 4 Boulders > * Yosemite Valley Bouldering > Yosemite Valley > Yosemite National Park > California",https://www.mountainproject.com/route/118309963/honor-among-thieves,4.0,-1,Boulder,V9,1,,37.74285,-119.60399
"Arms Length","Armstront Tract #4 > Armstrong Tract > Bermgarten Trailhead > Donner/Truckee Bouldering > I-80 Corridor > Lake Tahoe > California",https://www.mountainproject.com/route/122393643/arms-length,4.0,-1,Boulder,V9,1,,39.3352,-120.23024
"Higher Ground","Bob's Rock > South Shore > Lake Tahoe > California",https://www.mountainproject.com/route/121666683/higher-ground,4.0,-1,Boulder,V9,1,,38.88719,-120.02589
"PBR Prow Sit","May Lake - Battle Tanks > * Tuolumne Bouldering > Tuolumne Meadows > Yosemite National Park > California",https://www.mountainproject.com/route/119484698/pbr-prow-sit,4.0,-1,Boulder,"V9 PG13",1,25,37.85149,-119.48827
"Vic's Line","Whale's Tail > Campground Boulders > Lover's Leap > Highway 50 Corridor > Lake Tahoe > California",https://www.mountainproject.com/route/119851585/vics-line,4.0,-1,Boulder,V9,1,15,38.80143,-120.13625
"Flying Monkey","Main Boulder > Fort Ross > Wine Country/Northeast Bay > San Francisco Bay Area > California",https://www.mountainproject.com/route/117005060/flying-monkey,4.0,-1,Boulder,"V9 PG13",1,20,38.52311,-123.26389
E&M,"Electric Boulders > The Lost Sierra > Northeast California > California",https://www.mountainproject.com/route/121545230/em,4.0,-1,Boulder,"V9 PG13",1,15,39.72789,-121.46826
"Welcome to the Thunderdome","Mad Max Boulder > Mad Max Area > Hartley Springs > * June Lake Bouldering > June Lake Area > Sierra Eastside > California",https://www.mountainproject.com/route/109697287/welcome-to-the-thunderdome,4.0,-1,Boulder,V9,1,,37.7985,-119.0448
"Going for the Gusto Sit","Prosser Boulder > Prosser Hill > Donner/Truckee Bouldering > I-80 Corridor > Lake Tahoe > California",https://www.mountainproject.com/route/113755984/going-for-the-gusto-sit,4.0,-1,Boulder,V9,1,,39.38124,-120.24714
"The Grifter Sit","The Swindler Boulder > Lower Big Meadow Bouldering > South Shore > Lake Tahoe > California",https://www.mountainproject.com/route/122574354/the-grifter-sit,4.0,-1,Boulder,V9,1,,38.78887,-120.00067
"Open Project.","Split Boulders > Lone Valley Boulders > Susanville Area > Northeast California > California",https://www.mountainproject.com/route/122624223/open-project,4.0,-1,Boulder,V9,1,,40.24113,-120.69159
"Knife Dance Low","Knife Dance Boulder > Crimp Ladder Area > Way Lake > * Mammoth Lakes Bouldering > Mammoth Lakes Area > Sierra Eastside > California",https://www.mountainproject.com/route/123329412/knife-dance-low,4.0,-1,Boulder,V9,1,15,37.58141,-118.98987
"Press On Nails Sit-Start","Makeover Stones > Skofield Park > * Santa Barbara Bouldering > Santa Barbara > Central Coast > California",https://www.mountainproject.com/route/119160923/press-on-nails-sit-start,3.5,-1,Boulder,V9,1,10,34.45683,-119.69403
"Judge Not","Solitaire Boulder > Buttermilk Country > Bishop Area > Sierra Eastside > California",https://www.mountainproject.com/route/111686462/judge-not,3.5,-1,Boulder,"V9 PG13",1,,37.32013,-118.57949
Rise,"Luminance Block > Beehive Area > Buttermilk Country > Bishop Area > Sierra Eastside > California",https://www.mountainproject.com/route/114260568/rise,3.7,-1,Boulder,"V9 X",1,40,37.33559,-118.57679
"Out of your league","Big Lebowski Boulder > Big Lebowski Area > Tenaya Lake Boulders > * Tuolumne Bouldering > Tuolumne Meadows > Yosemite National Park > California",https://www.mountainproject.com/route/115355211/out-of-your-league,3.7,-1,Boulder,V9,1,,37.83345,-119.44915
"Whale's Tail","Whale's Tail > Campground Boulders > Lover's Leap > Highway 50 Corridor > Lake Tahoe > California",https://www.mountainproject.com/route/118592154/whales-tail,3.8,-1,Boulder,V9,1,,38.80143,-120.13625
"Meadow Face Sit","Meadow Face Boulder > Lower Meadow Area > Way Lake > * Mammoth Lakes Bouldering > Mammoth Lakes Area > Sierra Eastside > California",https://www.mountainproject.com/route/109108559/meadow-face-sit,3.8,-1,Boulder,V9,1,,37.5831,-118.99589
"Ugly Duckling","1-6-9 Boulder > 1-6-9 Boulder > Ugly Duckling Area > Way Lake > * Mammoth Lakes Bouldering > Mammoth Lakes Area > Sierra Eastside > California",https://www.mountainproject.com/route/109360962/ugly-duckling,3.8,-1,Boulder,V9,1,,37.57953,-118.99073
"The Brute","Rapunzel's Tower > Potter's Point > * Santa Barbara Bouldering > Santa Barbara > Central Coast > California",https://www.mountainproject.com/route/107108178/the-brute,3.3,-1,Boulder,V9,1,12,34.48601,-119.69174
"Slave to the Grind","Grindrite Boulder > Tom Peter's Slab Area > Happy Boulders > Volcanic Tablelands (Happy/Sad Boulders) > Bishop Area > Sierra Eastside > California",https://www.mountainproject.com/route/109858900/slave-to-the-grind,3.5,-1,Boulder,V9,1,17,37.41602,-118.44909
"Whiskey and Success","Icebox Boulder > The Creamery > * Santa Barbara Bouldering > Santa Barbara > Central Coast > California",https://www.mountainproject.com/route/108584746/whiskey-and-success,3.3,-1,Boulder,V9,1,12,34.45979,-119.69012
"Girls Gone Wild","Rated X Boulder > Trailside Boulders > Summit Lake Area > Donner/Truckee Bouldering > I-80 Corridor > Lake Tahoe > California",https://www.mountainproject.com/route/119044902/girls-gone-wild,3.6,-1,Boulder,V9,1,,39.34464,-120.33877
"Sharma Arete","Thee Classic > Indian Rock Side > * Castle Rock Area Bouldering > Castle Rock Area > South Bay Area > San Francisco Bay Area > California",https://www.mountainproject.com/route/111770408/sharma-arete,3.6,-1,Boulder,V9,1,,37.23139,-122.09339
"Dark Matter","Eclipse Boulder > Inner Circle > The Underground > Queen Mountain Bouldering > Queen Valley Area Bouldering > *Joshua Tree Bouldering* > Joshua Tree National Park > California",https://www.mountainproject.com/route/106152798/dark-matter,3.7,-1,Boulder,V9,1,15,34.06942,-116.09196
"Lizard Therapy","Shock Therapy Boulder > Druid Stones > Bishop Area > Sierra Eastside > California",https://www.mountainproject.com/route/112573520/lizard-therapy,3.8,-1,Boulder,V9,1,12,37.30751,-118.43589
"Two Dragons","Morpheous Boulder > Upper Meadow > Way Lake > * Mammoth Lakes Bouldering > Mammoth Lakes Area > Sierra Eastside > California",https://www.mountainproject.com/route/109174773/two-dragons,3.7,-1,"Boulder, Alpine",V9,1,,37.581,-118.99516
Wicked,"Ravine Boulder > Mount Tam Boulders > Mount Tamalpais > Marin/Northwest Bay Area > San Francisco Bay Area > California",https://www.mountainproject.com/route/111186378/wicked,3.3,-1,Boulder,V9,1,20,37.91288,-122.59681
"Nate's Arete","Roadside Boulder > *Lee Vining Bouldering > Lee Vining Canyon / Tioga Road > Sierra Eastside > California",https://www.mountainproject.com/route/108593390/nates-arete,3.7,-1,Boulder,V9,1,10,37.93023,-119.17105
Bandito,"Dancing Outlaw Boulder > The Brickyard > * Santa Barbara Bouldering > Santa Barbara > Central Coast > California",https://www.mountainproject.com/route/108015205/bandito,3.6,-1,Boulder,V9,1,,34.4983,-119.86135
"Mission Impossible","Mortar Rock > Mortar Rock Park > Berkeley > East Bay Area > San Francisco Bay Area > California",https://www.mountainproject.com/route/120775550/mission-impossible,3.5,-1,Boulder,V9,1,20,37.89327,-122.2724
"Swanky Sit","Honey Boulder > Pollen Grains / Lidija Boulders > Buttermilk Country > Bishop Area > Sierra Eastside > California",https://www.mountainproject.com/route/108700751/swanky-sit,3.3,-1,Boulder,V9,1,,37.337,-118.5702
"Practical Demon Keeping","Caples Lake > Carson Pass Highway (88) > Lake Tahoe > California",https://www.mountainproject.com/route/119548242/practical-demon-keeping,3.4,-1,Boulder,V9,1,,38.69488,-120.03407
Bittersweet,"Campsite Grotto > HVCG South > HVCG Bouldering Circuit > Hidden Valley Campground Bouldering > Hidden Valley Area Bouldering > *Joshua Tree Bouldering* > Joshua Tree National Park > California",https://www.mountainproject.com/route/109937883/bittersweet,3.5,-1,Boulder,V9,1,15,34.01711,-116.16062
Cholos,"Action Figure Cave > Action Figure Area > East Rim Area > Happy Boulders > Volcanic Tablelands (Happy/Sad Boulders) > Bishop Area > Sierra Eastside > California",https://www.mountainproject.com/route/106068450/cholos,3.1,-1,Boulder,V9,1,8,37.41749,-118.45018
"Fat Man in a Little Coat","Whale Shark boulder > Carson Pass Highway (88) > Lake Tahoe > California",https://www.mountainproject.com/route/119900632/fat-man-in-a-little-coat,3.1,-1,Boulder,V9,1,,38.70886,-119.89833
"Flying Silver","Toltec Boulder > Meyers Area > South Shore > Lake Tahoe > California",https://www.mountainproject.com/route/118248211/flying-silver,3.5,-1,Boulder,V9,1,,38.84653,-120.03835
"Show Pigs For Rent","Hat Creek Cattle Company > * Santa Barbara Bouldering > Santa Barbara > Central Coast > California",https://www.mountainproject.com/route/122441447/show-pigs-for-rent,3.5,-1,Boulder,V9,1,15,34.46851,-119.71313
"Solar Power Low","Sunrise Boulder > * Tuolumne Bouldering > Tuolumne Meadows > Yosemite National Park > California",https://www.mountainproject.com/route/120847755/solar-power-low,3.7,-1,Boulder,V9,1,15,37.82769,-119.47205
"Solo Endeavors","Tank Boulder > * Tuolumne Bouldering > Tuolumne Meadows > Yosemite National Park > California",https://www.mountainproject.com/route/119236962/solo-endeavors,3.5,-1,Boulder,V9,1,,37.8505,-119.48574
"Michael Caine","Get Carter Boulder > Buttermilk Country > Bishop Area > Sierra Eastside > California",https://www.mountainproject.com/route/106070972/michael-caine,3.0,-1,Boulder,V9,1,15,37.3388,-118.5776
"Which Way Jose","Gold Crack Boulder/Which Way Jose > Shangri-La > Shangri-La Valley > The Tramway > San Jacinto Mountains > California",https://www.mountainproject.com/route/112009023/which-way-jose,3.5,-1,Boulder,V9,1,15,33.81446,-116.64983
Overzealous,"Clearcut Boulder > Rock Creek Bouldering > Rock Creek > Mammoth Lakes Area > Sierra Eastside > California",https://www.mountainproject.com/route/109447310/overzealous,3.2,-1,Boulder,V9,1,12,37.5099,-118.7155
"For the Love of Basic Cable (I <3 Cable)","Cockroach Boulder > The Icebergs > The Tramway > San Jacinto Mountains > California",https://www.mountainproject.com/route/108169106/for-the-love-of-basic-cable-i-3-cable,3.5,-1,Boulder,V9,1,20,33.81425,-116.65264
"Bound by Tension","Danger Rock (or Orange Buddha Rock) > Mickey's Beach > Marin/Northwest Bay Area > San Francisco Bay Area > California",https://www.mountainproject.com/route/111884387/bound-by-tension,3.5,-1,Boulder,V9,1,10,37.88949,-122.63291
Conan,"Athletes Die Young > Housekeeping > * Yosemite Valley Bouldering > Yosemite Valley > Yosemite National Park > California",https://www.mountainproject.com/route/120099130/conan,3.3,-1,Boulder,V9,1,,37.7393,-119.5793
"Handle Bar Moustache","Hate Handles > Meyers Area > South Shore > Lake Tahoe > California",https://www.mountainproject.com/route/118109337/handle-bar-moustache,3.4,-1,Boulder,V9,1,,38.84868,-120.00535
"Butt Dragon","The Dragon's Lair > Potter's Point > * Santa Barbara Bouldering > Santa Barbara > Central Coast > California",https://www.mountainproject.com/route/110113411/butt-dragon,3.3,-1,Boulder,V9,1,17,34.4912,-119.6902
"Deadbeat Dads","Roadtrip Boulders > Woodfords Canyon Boulders > Woodfords Canyon > Carson Pass Highway (88) > Lake Tahoe > California",https://www.mountainproject.com/route/120038502/deadbeat-dads,3.0,-1,Boulder,V9,1,,38.7775,-119.89011
"Grotesque Old Woman Sit","Charlotte's Web Area > The Brickyard > * Santa Barbara Bouldering > Santa Barbara > Central Coast > California",https://www.mountainproject.com/route/120519826/grotesque-old-woman-sit,3.2,-1,Boulder,V9,1,,34.49787,-119.8617
"Wall To Wall Carpet","Bridalveil Boulder > Bridalveil Boulders > * Yosemite Valley Bouldering > Yosemite Valley > Yosemite National Park > California",https://www.mountainproject.com/route/108898667/wall-to-wall-carpet,3.2,-1,Boulder,V9,1,15,37.71552,-119.65022
"Clam Digger","Clamshell Boulder > Indian Rock Side > * Castle Rock Area Bouldering > Castle Rock Area > South Bay Area > San Francisco Bay Area > California",https://www.mountainproject.com/route/108276643/clam-digger,2.9,-1,Boulder,V9,1,15,37.23069,-122.09325
Prozac,"Happy Boulder > Central Happiness Area > Happy Boulders > Volcanic Tablelands (Happy/Sad Boulders) > Bishop Area > Sierra Eastside > California",https://www.mountainproject.com/route/109971104/prozac,3.2,-1,Boulder,V9,1,14,37.41747,-118.45136
Pugilist,"The Ahwahnee Boulder > *CLOSED FOR SAFETY* Ahwahnee Boulders > * Yosemite Valley Bouldering > Yosemite Valley > Yosemite National Park > California",https://www.mountainproject.com/route/113617050/pugilist,3.3,-1,Boulder,V9,1,15,37.74732,-119.57384
Relic,"Tidal Wave Boulder > Outback Bouldering > Hidden Valley Area Bouldering > *Joshua Tree Bouldering* > Joshua Tree National Park > California",https://www.mountainproject.com/route/106743866/relic,3.1,-1,Boulder,V9,1,20,34.02066,-116.16503
"So I Did It","Cracked Boulder > Skofield Park > * Santa Barbara Bouldering > Santa Barbara > Central Coast > California",https://www.mountainproject.com/route/106919306/so-i-did-it,3.2,-1,Boulder,V9,1,,34.45565,-119.69649
"New Wave","Mortar Rock > Mortar Rock Park > Berkeley > East Bay Area > San Francisco Bay Area > California",https://www.mountainproject.com/route/106451683/new-wave,3.0,-1,Boulder,V9,1,,37.89327,-122.2724
"Mini Me","Mini Boulder > Buttermilks Main > Buttermilk Country > Bishop Area > Sierra Eastside > California",https://www.mountainproject.com/route/120295929/mini-me,3.0,-1,Boulder,V9,1,,37.32905,-118.57441
"The Ninth Wave","Ice Caves > Sad Boulders > Volcanic Tablelands (Happy/Sad Boulders) > Bishop Area > Sierra Eastside > California",https://www.mountainproject.com/route/106322848/the-ninth-wave,3.0,-1,Boulder,V9,1,20,37.42254,-118.43364
"Karate Kid","Karate Kid Boulder > Seam Area > Way Lake > * Mammoth Lakes Bouldering > Mammoth Lakes Area > Sierra Eastside > California",https://www.mountainproject.com/route/109244171/karate-kid,3.0,-1,Boulder,V9,1,,37.5803,-118.99116
"Hit the High Hard One, Sit","Toxic Avenger Area > West Rim Area > Happy Boulders > Volcanic Tablelands (Happy/Sad Boulders) > Bishop Area > Sierra Eastside > California",https://www.mountainproject.com/route/111515240/hit-the-high-hard-one-sit,2.8,-1,Boulder,V9,1,,37.41653,-118.4508
"The Matt Hotch Problem","Matt Hotch Boulder > Year of the Cat Gully > The Tramway > San Jacinto Mountains > California",https://www.mountainproject.com/route/112009712/the-matt-hotch-problem,3.0,-1,Boulder,V9,1,12,33.81436,-116.65098
"Red Vines","Dazed Wall > The Freaks > Silver Lake > Carson Pass Highway (88) > Lake Tahoe > California",https://www.mountainproject.com/route/113536490/red-vines,3.0,-1,Boulder,V9,1,,38.6761,-120.11206
"Steve's Traverse","Trojan Boulder > Painted Cave > * Santa Barbara Bouldering > Santa Barbara > Central Coast > California",https://www.mountainproject.com/route/106836329/steves-traverse,3.0,-1,Boulder,V9,1,,34.4992,-119.7894
"Matt's Project Sit","Buttermilk Stem Boulder > Buttermilk Stem Area > Buttermilks Main > Buttermilk Country > Bishop Area > Sierra Eastside > California",https://www.mountainproject.com/route/111513568/matts-project-sit,3.0,-1,Boulder,V9,1,,37.32906,-118.5768
"Logic Probe","The Max Boulder > Emeralds Bouldering > The Emeralds > Bowman/Emeralds > I-80 Corridor > Lake Tahoe > California",https://www.mountainproject.com/route/120107496/logic-probe,3.0,-1,Boulder,V9,1,,39.31222,-120.64496
"Smooth boy slim","Whale Shark boulder > Carson Pass Highway (88) > Lake Tahoe > California",https://www.mountainproject.com/route/122225954/smooth-boy-slim,3.0,-1,Boulder,V9,1,,38.70886,-119.89833
"Blank Generation","Blank Generation Boulder > Main Area > Horse Flats > Angeles National Forest > Los Angeles Basin > California",https://www.mountainproject.com/route/109659614/blank-generation,3.0,-1,Boulder,V9,1,8,34.34141,-118.01597
"To Kill Ya Corner Sit Start","Get Carter Boulder > Buttermilk Country > Bishop Area > Sierra Eastside > California",https://www.mountainproject.com/route/120099037/to-kill-ya-corner-sit-start,3.0,-1,Boulder,V9,1,,37.3388,-118.5776
"Queen Sweet Nectar","Queen Sweet Nectar Boulder > Secrets of the Beehive Area > Beehive Area > Buttermilk Country > Bishop Area > Sierra Eastside > California",https://www.mountainproject.com/route/110129127/queen-sweet-nectar,2.8,-1,Boulder,V9,1,,37.33684,-118.57604
"Prune Candy","Talladega Nights Boulder > Talladega Nights Area > Way Lake > * Mammoth Lakes Bouldering > Mammoth Lakes Area > Sierra Eastside > California",https://www.mountainproject.com/route/110879820/prune-candy,3.0,-1,Boulder,V9,1,15,37.58125,-118.99008
"Golden Child","Golden Child Wall > Druid Stone Area > Druid Stones > Bishop Area > Sierra Eastside > California",https://www.mountainproject.com/route/106126834/golden-child,3.0,-1,Boulder,V9,1,15,37.30733,-118.4365
"Golden Bullet","Toltec Boulder > Meyers Area > South Shore > Lake Tahoe > California",https://www.mountainproject.com/route/118211391/golden-bullet,2.5,-1,Boulder,V9,1,,38.84653,-120.03835
"Golden Eagle","Toltec Boulder > Meyers Area > South Shore > Lake Tahoe > California",https://www.mountainproject.com/route/118167415/golden-eagle,2.6,-1,Boulder,V9,1,,38.84653,-120.03835
"The Egg","Egghead > Castle Rock Loop > * Castle Rock Area Bouldering > Castle Rock Area > South Bay Area > San Francisco Bay Area > California",https://www.mountainproject.com/route/120220745/the-egg,3.0,-1,Boulder,V9,1,10,37.22744,-122.09656
"Flight Attendant Sit","Stained Glass/Flyboy Area > Buttermilks Main > Buttermilk Country > Bishop Area > Sierra Eastside > California",https://www.mountainproject.com/route/120199982/flight-attendant-sit,3.0,-1,Boulder,V9,1,,37.33057,-118.57834
"Chipped Crown Traverse","Sexy Boulder > Windy Boulders North > Windy Boulders > Culp Valley > San Diego County Desert Area > San Diego County > California",https://www.mountainproject.com/route/120206736/chipped-crown-traverse,3.0,-1,Boulder,V9,1,9,33.2157,-116.45398
"Sex Factor X","The Cove Area > Camp 4 Boulders > * Yosemite Valley Bouldering > Yosemite Valley > Yosemite National Park > California",https://www.mountainproject.com/route/113075475/sex-factor-x,3.0,-1,Boulder,V9,1,,37.74307,-119.60276
Cannonball,"Cannonball > Lake Forest Drive > Folsom > Highway 50 Corridor > Lake Tahoe > California",https://www.mountainproject.com/route/120110706/cannonball,3.0,-1,Boulder,V9,1,12,38.79372,-121.11848
"Chimera Right","Ghost Town (a.k.a. windermere) > * Santa Barbara Bouldering > Santa Barbara > Central Coast > California",https://www.mountainproject.com/route/108863481/chimera-right,3.0,-1,Boulder,V9,1,,34.50278,-119.81787
"Checkerboard Right","The Checkerboard Boulder > Checkerboard Area > Buttermilk Country > Bishop Area > Sierra Eastside > California",https://www.mountainproject.com/route/111726453/checkerboard-right,3.0,-1,Boulder,V9,1,20,37.32544,-118.58067
"Super Froz","Safe Surfer Boulder > Split Melon Area > Happy Boulders > Volcanic Tablelands (Happy/Sad Boulders) > Bishop Area > Sierra Eastside > California",https://www.mountainproject.com/route/111693593/super-froz,3.0,-1,Boulder,V9,1,,37.417,-118.4509
"Tom's Traverse","Jacked and Tan > Potter's Point > * Santa Barbara Bouldering > Santa Barbara > Central Coast > California",https://www.mountainproject.com/route/108025357/toms-traverse,3.0,-1,Boulder,V9,1,20,34.4912,-119.6902
"Tax Evasion","Mr.Longarm > Rancho Penasquitos Canyon > North San Diego County > San Diego County > California",https://www.mountainproject.com/route/118635746/tax-evasion,3.0,-1,Boulder,V9,1,8,32.92749,-117.17738
"Pecan Pie Low","Lost In Space > Eagle Creek Canyon > West Shore > Lake Tahoe > California",https://www.mountainproject.com/route/120512885/pecan-pie-low,3.0,-1,Boulder,V9,1,,38.94992,-120.11895
FREEBIRD!,"Jeff Boulder > Main Area > Bald Rock Picnic Area > Bald Rock > The Lost Sierra > Northeast California > California",https://www.mountainproject.com/route/120442216/freebird,3.0,-1,Boulder,V9,1,13,39.64746,-121.34632
"Full Throttle SDS","The Cube / Terminator Area > Malibu Tunnel Boulders > *Santa Monica Mountains Bouldering > Santa Monica Mountains > Los Angeles Basin > California",https://www.mountainproject.com/route/119114439/full-throttle-sds,3.5,-1,Boulder,V9,1,15,34.07525,-118.70304
"Can You Kick It?","Sleeping Pup Boulder > Stinson Beach > Mickey's Beach > Marin/Northwest Bay Area > San Francisco Bay Area > California",https://www.mountainproject.com/route/120375255/can-you-kick-it,3.0,-1,Boulder,V9,1,9,37.8923,-122.63575
"When the Smoke Clears","Snow Plow Boulders > Shaver Lake Bouldering > Shaver Lake Area > Hwy 168:Tollhouse, Shaver Lake, Courtright > Southern-Western Sierra > California",https://www.mountainproject.com/route/121524381/when-the-smoke-clears,3.0,-1,Boulder,V9,1,14,37.20696,-119.21486
"Smokey Treat","Benwood Meadows > South Shore > Lake Tahoe > California",https://www.mountainproject.com/route/119735527/smokey-treat,3.0,-1,Boulder,V9,1,,38.80345,-120.03442
Seamless,"Bridalveil Boulder > Bridalveil Boulders > * Yosemite Valley Bouldering > Yosemite Valley > Yosemite National Park > California",https://www.mountainproject.com/route/120544532/seamless,3.0,-1,Boulder,V9,1,10,37.71552,-119.65022
"Termination Dust","Caples Lake > Carson Pass Highway (88) > Lake Tahoe > California",https://www.mountainproject.com/route/119783697/termination-dust,3.0,-1,Boulder,V9,1,,38.69488,-120.03407
Jackfruits,"The Basement > The Freaks > Silver Lake > Carson Pass Highway (88) > Lake Tahoe > California",https://www.mountainproject.com/route/119722145/jackfruits,3.0,-1,Boulder,V9,1,10,38.67726,-120.11121
Apollo,"The Ares Boulder > Upper Atlantis > Atlantis > The Tramway > San Jacinto Mountains > California",https://www.mountainproject.com/route/122423243/apollo,3.0,-1,Boulder,V9,1,9,33.84301,-116.60985
"Break on Through","Hallway Boulder > Painted Cave > * Santa Barbara Bouldering > Santa Barbara > Central Coast > California",https://www.mountainproject.com/route/107015802/break-on-through,3.0,-1,Boulder,V9,1,15,34.4992,-119.7894
"Battle of the Bulge","Boulder N > Trailhead Boulders > Pie Shop Bouldering > The Pie Shop > South Shore > Lake Tahoe > California",https://www.mountainproject.com/route/121517918/battle-of-the-bulge,3.0,-1,Boulder,V9,1,,38.87652,-120.01132
Lockdown,"Lock down boulder > Mary Fork Boulders > Redding Area > Northeast California > California",https://www.mountainproject.com/route/120301190/lockdown,3.0,-1,Boulder,V9,1,12,40.73952,-122.46766
"Ciotti Problem Sit","The Octagon North Face > The Octagon Area > Blair Valley > San Diego County Desert Area > San Diego County > California",https://www.mountainproject.com/route/120671227/ciotti-problem-sit,3.0,-1,Boulder,V9,1,20,33.03645,-116.3978
"The Highway","Upper Canyon > Potter's Point > * Santa Barbara Bouldering > Santa Barbara > Central Coast > California",https://www.mountainproject.com/route/108002475/the-highway,3.0,-1,Boulder,"V9 PG13",1,20,34.4912,-119.6902
"Hydrogen Psychosis Project aka Crazy Eye","Bob's Ground Up Boulder > Jah Hole > The Brickyard > * Santa Barbara Bouldering > Santa Barbara > Central Coast > California",https://www.mountainproject.com/route/108304555/hydrogen-psychosis-project-aka-crazy-eye,3.0,-1,Boulder,V9,1,25,34.49763,-119.85969
"Compression Session","Prow Boulder > Rock Creek Bouldering > Rock Creek > Mammoth Lakes Area > Sierra Eastside > California",https://www.mountainproject.com/route/114108316/compression-session,3.0,-1,Boulder,"V9 PG13",1,11,37.5112,-118.716
"The Rapture","Lazarus > Sherwin Secrets > * Mammoth Lakes Bouldering > Mammoth Lakes Area > Sierra Eastside > California",https://www.mountainproject.com/route/113258767/the-rapture,3.0,-1,Boulder,V9,1,14,37.61306,-118.94809
Torosa,"Temporal Boulders > *Santa Monica Mountains Bouldering > Santa Monica Mountains > Los Angeles Basin > California",https://www.mountainproject.com/route/122754070/torosa,2.3,-1,Boulder,V9,1,16,34.06552,-118.93271
Crack-Mantel-Sap,"Lone Boulder > Conquest Ridge > The Tramway > San Jacinto Mountains > California",https://www.mountainproject.com/route/111948798/crack-mantel-sap,3.0,-1,Boulder,"V9 R",1,20,33.81349,-116.64906
"After Party Arete","After Party  Boulder > After Party Area > North Shore Drive > * June Lake Bouldering > June Lake Area > Sierra Eastside > California",https://www.mountainproject.com/route/123099227/after-party-arete,3.0,-1,Boulder,V9,1,,37.79258,-119.07687
"Lucky Ace low","Lucky Ace Boulder > The Bar > Auburn SRA > Auburn and Grass Valley > I-80 Corridor > Lake Tahoe > California",https://www.mountainproject.com/route/110998419/lucky-ace-low,3.0,-1,Boulder,V9,1,,38.919,-121.00652
"The Wanderer","Grandpa Peabody Boulder > Peabody Boulders > Buttermilks Main > Buttermilk Country > Bishop Area > Sierra Eastside > California",https://www.mountainproject.com/route/123536118/the-wanderer,3.0,-1,Boulder,"V9 X",1,60,37.32817,-118.57477
"All Mod Cons","Soot Patrol Boulder > The Brickyard > * Santa Barbara Bouldering > Santa Barbara > Central Coast > California",https://www.mountainproject.com/route/106867773/all-mod-cons,2.6,-1,Boulder,V9,1,20,34.49791,-119.86197
"Year of the Cat","Year of the Cat Boulder > Year of the Cat Gully > The Tramway > San Jacinto Mountains > California",https://www.mountainproject.com/route/112009628/year-of-the-cat,2.8,-1,Boulder,V9,1,12,33.81414,-116.65079
Angus,"Angus Boulder > Trailside Boulders > The Tramway > San Jacinto Mountains > California",https://www.mountainproject.com/route/108454706/angus,2.6,-1,Boulder,V9,1,8,33.81222,-116.64633
"The Odyssey","Mortar Rock > Mortar Rock Park > Berkeley > East Bay Area > San Francisco Bay Area > California",https://www.mountainproject.com/route/108254768/the-odyssey,2.7,-1,Boulder,V9,1,12,37.89327,-122.2724
"Enter The Dragon","Dragon Cave > Sad Boulders > Volcanic Tablelands (Happy/Sad Boulders) > Bishop Area > Sierra Eastside > California",https://www.mountainproject.com/route/112513071/enter-the-dragon,2.8,-1,Boulder,V9,1,12,37.33822,-118.4735
"The Cheatdown","Beatdown Boulder > The Beavers > South Shore > Lake Tahoe > California",https://www.mountainproject.com/route/122474906/the-cheatdown,2.7,-1,Boulder,V9,1,,38.79557,-120.01727
Flabmaster,"Desert Skies/Morning Dove Area > West Rim Area > Happy Boulders > Volcanic Tablelands (Happy/Sad Boulders) > Bishop Area > Sierra Eastside > California",https://www.mountainproject.com/route/112513113/flabmaster,2.5,-1,Boulder,V9,1,,37.41698,-118.45133
"The Cackler","Blue Flame Boulder > The Beach > Shangri-La Valley > The Tramway > San Jacinto Mountains > California",https://www.mountainproject.com/route/113756820/the-cackler,2.5,-1,Boulder,V9,1,8,33.81636,-116.64888
"Master Blaster","The Wave Cave > Undiscovered Country > The Tramway > San Jacinto Mountains > California",https://www.mountainproject.com/route/109121915/master-blaster,2.3,-1,Boulder,V9,1,8,33.80913,-116.64771
"Sunshine Elluminati","Mortar Rock > Mortar Rock Park > Berkeley > East Bay Area > San Francisco Bay Area > California",https://www.mountainproject.com/route/119425638/sunshine-elluminati,2.5,-1,Boulder,V9,1,32,37.89327,-122.2724
"Grizzly Peak Mega Traversereverse","Short Traverse Rock > Grizzly Peak Boulders > Berkeley > East Bay Area > San Francisco Bay Area > California",https://www.mountainproject.com/route/119908453/grizzly-peak-mega-traversereverse,2.5,-1,Boulder,V9,1,,37.88143,-122.24296
"Shark Hole","Headbangers Fall > Middle Bliss > Bliss > West Shore > Lake Tahoe > California",https://www.mountainproject.com/route/118725889/shark-hole,2.5,-1,Boulder,V9,1,,38.98751,-120.10581
"Grit Dreams","Corner Boulders > Buttermilks Main > Buttermilk Country > Bishop Area > Sierra Eastside > California",https://www.mountainproject.com/route/112790712/grit-dreams,2.3,-1,Boulder,V9,1,18,37.32909,-118.57791
"Scott's Traverse","Scott's Rock > Hillcrest Boulders > The Nut Tree Boulders > Wine Country/Northeast Bay > San Francisco Bay Area > California",https://www.mountainproject.com/route/107421529/scotts-traverse,2.5,-1,Boulder,V9,1,,38.3938,-121.9856
"Wish You Were Here","Eco Terrorist Boulder > Castle Rock Loop > * Castle Rock Area Bouldering > Castle Rock Area > South Bay Area > San Francisco Bay Area > California",https://www.mountainproject.com/route/119754682/wish-you-were-here,2.3,-1,Boulder,V9,1,12,37.22812,-122.09662
"Disco Hulk","Happy Boulder > Central Happiness Area > Happy Boulders > Volcanic Tablelands (Happy/Sad Boulders) > Bishop Area > Sierra Eastside > California",https://www.mountainproject.com/route/112505733/disco-hulk,2.5,-1,Boulder,V9,1,16,37.41747,-118.45136
"Two Moves of Fury","Fury Boulder > Fury Area > Hartley Springs > * June Lake Bouldering > June Lake Area > Sierra Eastside > California",https://www.mountainproject.com/route/115734512/two-moves-of-fury,2.3,-1,Boulder,V9,1,10,37.7957,-119.0455
"America's Fit Homeless","Fit Homeless Boulder > Buttermilks Main > Buttermilk Country > Bishop Area > Sierra Eastside > California",https://www.mountainproject.com/route/106070960/americas-fit-homeless,2.3,-1,Boulder,V9,1,9,37.32895,-118.57595
Brevity,"Trigantor > Rainbow > Donner/Truckee Bouldering > I-80 Corridor > Lake Tahoe > California",https://www.mountainproject.com/route/119748635/brevity,2.1,-1,Boulder,V9,1,8,39.3089,-120.51382
"Stans Sunshine","Mortar Rock > Mortar Rock Park > Berkeley > East Bay Area > San Francisco Bay Area > California",https://www.mountainproject.com/route/120078973/stans-sunshine,2.0,-1,Boulder,V9,1,20,37.89327,-122.2724
"Mortal Combat (AKA:  Hand to Hamtaro)","Hand to Hand Combat Wall > Hand to Hand Combat Area > West Rim Area > Happy Boulders > Volcanic Tablelands (Happy/Sad Boulders) > Bishop Area > Sierra Eastside > California",https://www.mountainproject.com/route/106996405/mortal-combat-aka-hand-to-hamtaro,2.0,-1,Boulder,V9,1,35,37.41588,-118.44993
"The Shining","Solarium Boulder > Central Happiness Area > Happy Boulders > Volcanic Tablelands (Happy/Sad Boulders) > Bishop Area > Sierra Eastside > California",https://www.mountainproject.com/route/106330654/the-shining,2.0,-1,Boulder,V9,1,12,37.41737,-118.45125
"Funnel Man","Beautiful Man Boulder > Catacombs > Sherwin Plateau > Mammoth Lakes Area > Sierra Eastside > California",https://www.mountainproject.com/route/106145598/funnel-man,2.0,-1,Boulder,V9,1,15,37.57267,-118.61138
"Kauk Start","Big Columbia Boulder > Camp 4 Boulders > * Yosemite Valley Bouldering > Yosemite Valley > Yosemite National Park > California",https://www.mountainproject.com/route/113075644/kauk-start,2.0,-1,Boulder,V9,1,,37.74172,-119.60355
"Fast Dance","Slow Dance Cave > Slow Dance/Gleaner Area > Happy Boulders > Volcanic Tablelands (Happy/Sad Boulders) > Bishop Area > Sierra Eastside > California",https://www.mountainproject.com/route/118490423/fast-dance,2.0,-1,Boulder,V9,1,12,37.41624,-118.44938
"Yabo Arete","Yabo Area [[CLOSED]] > * Yosemite Valley Bouldering > Yosemite Valley > Yosemite National Park > California",https://www.mountainproject.com/route/114296825/yabo-arete,2.0,-1,Boulder,V9,1,17,37.727,-119.62873
"Purple People Eater","Halfway Boulder > Purple Stones > *Santa Monica Mountains Bouldering > Santa Monica Mountains > Los Angeles Basin > California",https://www.mountainproject.com/route/118135750/purple-people-eater,2.0,-1,Boulder,V9,1,12,34.07713,-118.59186
"Half and Half","Quality Boulder > Pie Shop Bouldering > The Pie Shop > South Shore > Lake Tahoe > California",https://www.mountainproject.com/route/121517981/half-and-half,2.0,-1,Boulder,V9,1,,38.88269,-120.01062
Barf,"DNA Boulder > Woodcrest Ridge Boulders > Woodcrest Boulders > The Nut Tree Boulders > Wine Country/Northeast Bay > San Francisco Bay Area > California",https://www.mountainproject.com/route/120216131/barf,2.0,-1,Boulder,V9,1,8,38.37615,-121.98279
"That's Low Enough","Boulder J > Echo View > Pie Shop Bouldering > The Pie Shop > South Shore > Lake Tahoe > California",https://www.mountainproject.com/route/118641133/thats-low-enough,2.0,-1,Boulder,V9,1,,38.8853,-120.0252
Nibiru,"The Hang West > The Hang > Planet X Bouldering > Central Joshua Tree Bouldering > *Joshua Tree Bouldering* > Joshua Tree National Park > California",https://www.mountainproject.com/route/112816641/nibiru,2.0,-1,Boulder,V9,1,15,33.99789,-116.1543
"Russian Roulette","Jobs Peak Boulder > Jobs Peak Bouldering > South Shore > Lake Tahoe > California",https://www.mountainproject.com/route/120153376/russian-roulette,2.0,-1,Boulder,V9,1,,38.8736,-119.81984
"Open Project","Stoner Cave > Aquarian Valley > South Bay Area > San Francisco Bay Area > California",https://www.mountainproject.com/route/107646879/open-project,2.0,-1,Boulder,V9,1,,37.29013,-122.16674
"Newton's Law (sit)","Newton's Law Boulder > Planet X Area > Planet X Bouldering > Central Joshua Tree Bouldering > *Joshua Tree Bouldering* > Joshua Tree National Park > California",https://www.mountainproject.com/route/112814270/newtons-law-sit,2.0,-1,Boulder,V9,1,15,33.99586,-116.15628
"The Bush","Hueco Wall Boulder > Hueco Wall Area > Dale's Camp > Buttermilk Country > Bishop Area > Sierra Eastside > California",https://www.mountainproject.com/route/120051102/the-bush,2.0,-1,Boulder,V9,1,,37.31839,-118.57563
"Don't call me Bill","Master Cylinder > Echo Rock Boulders > Echo Rock Bouldering > Central Joshua Tree Bouldering > *Joshua Tree Bouldering* > Joshua Tree National Park > California",https://www.mountainproject.com/route/111809008/dont-call-me-bill,2.0,-1,Boulder,V9,1,18,34.02594,-116.15522
"Break a Leg","Jacked and Tan > Potter's Point > * Santa Barbara Bouldering > Santa Barbara > Central Coast > California",https://www.mountainproject.com/route/108706287/break-a-leg,2.0,-1,Boulder,V9,1,12,34.4912,-119.6902
"Vulcan Sunset","Seven Pines > Backcountry Bouldering > San Jacinto Mountains > California",https://www.mountainproject.com/route/111311289/vulcan-sunset,2.0,-1,Boulder,V9,1,7,33.80943,-116.73416
Mooned,"Rowell Rock > Buttermilk Stem Area > Buttermilks Main > Buttermilk Country > Bishop Area > Sierra Eastside > California",https://www.mountainproject.com/route/107954206/mooned,2.0,-1,Boulder,V9,1,20,37.32878,-118.57687
"The Fire","Stoner Cave > Aquarian Valley > South Bay Area > San Francisco Bay Area > California",https://www.mountainproject.com/route/107646790/the-fire,2.0,-1,Boulder,V9,1,,37.29013,-122.16674
Chasenator,"Flash Gordon Boulder > Flash Gordon Area > The Tramway > San Jacinto Mountains > California",https://www.mountainproject.com/route/123006231/chasenator,2.0,-1,Boulder,V9,1,8,33.81345,-116.64506
"The River Nile","The Rosetta Stone > Loveland Bouldering > *Joshua Tree Bouldering* > Joshua Tree National Park > California",https://www.mountainproject.com/route/105722899/the-river-nile,2.0,-1,Boulder,"V9 R",1,20,34.02582,-116.04886
Dystopia,"West Nile Boulder (aka The Creek Boulder) > * Santa Barbara Bouldering > Santa Barbara > Central Coast > California",https://www.mountainproject.com/route/113636879/dystopia,1.7,-1,Boulder,V9,1,15,34.45822,-119.69224
"Have A Smoke With Friends","Trigantor > Rainbow > Donner/Truckee Bouldering > I-80 Corridor > Lake Tahoe > California",https://www.mountainproject.com/route/120055235/have-a-smoke-with-friends,1.5,-1,Boulder,V9,1,,39.3089,-120.51382
"Memorial Problem","Ghost Town (a.k.a. windermere) > * Santa Barbara Bouldering > Santa Barbara > Central Coast > California",https://www.mountainproject.com/route/108863543/memorial-problem,1.5,-1,Boulder,V9,1,,34.50278,-119.81787
"Midnight Cowboy","Big Columbia Boulder > Camp 4 Boulders > * Yosemite Valley Bouldering > Yosemite Valley > Yosemite National Park > California",https://www.mountainproject.com/route/113075682/midnight-cowboy,1.0,-1,Boulder,V9,1,,37.74172,-119.60355
"E.Z. Mantel v9","Abba Boulder (aka The Cube) > Shangri-La > Shangri-La Valley > The Tramway > San Jacinto Mountains > California",https://www.mountainproject.com/route/123006270/ez-mantel-v9,1.0,-1,Boulder,V9,1,15,33.81441,-116.64924
"Meth Lab","Methane Boulder > The Beach > Shangri-La Valley > The Tramway > San Jacinto Mountains > California",https://www.mountainproject.com/route/111981773/meth-lab,1.0,-1,Boulder,V9,1,25,33.81669,-116.64831
"Funky Chicken","Chokin' Boulder > *CLOSED FOR SAFETY* Ahwahnee Boulders > * Yosemite Valley Bouldering > Yosemite Valley > Yosemite National Park > California",https://www.mountainproject.com/route/123577688/funky-chicken,2.0,-1,Boulder,V9,1,12,37.7475,-119.57397
Venom,"The Pit > Lower Talus Area > Way Lake > * Mammoth Lakes Bouldering > Mammoth Lakes Area > Sierra Eastside > California",https://www.mountainproject.com/route/123580582/venom,3.0,-1,Boulder,V9,1,20,37.57988,-118.99267
"Scott’s Problem","Stubbe Rocks > Cap Rock Area > Sheep Pass Area > Central Joshua Tree > Joshua Tree National Park > California",https://www.mountainproject.com/route/123691789/scotts-problem,3.0,-1,Boulder,V9,1,12,33.98751,-116.17746
"Chicken Licken","Rio's Crack Area > Sad Boulders > Volcanic Tablelands (Happy/Sad Boulders) > Bishop Area > Sierra Eastside > California",https://www.mountainproject.com/route/123694377/chicken-licken,2.0,-1,Boulder,V9,1,5,37.42027,-118.434
Icarus,"Still-Water Area > Lower Arboretum > Columbia Bouldering > Sonora Pass Highway (108) > California",https://www.mountainproject.com/route/123743207/icarus,3.0,-1,Boulder,V9,1,,38.03317,-120.38926
"Traverse Reverse into Triple Cracks","Triple Cracks Boulder > Lower Arboretum > Columbia Bouldering > Sonora Pass Highway (108) > California",https://www.mountainproject.com/route/123743452/traverse-reverse-into-triple-cracks,2.0,-1,Boulder,V9,1,,38.03315,-120.38932
"Magnanimous Mouse","[Redacted] Tank > Geology Tour Road Bouldering > Queen Valley Area Bouldering > *Joshua Tree Bouldering* > Joshua Tree National Park > California",https://www.mountainproject.com/route/123781882/magnanimous-mouse,3.0,-1,Boulder,V9,1,20,33.92938,-116.07622
"Chuck's Huck","Ladder Boulder > Middle Bliss > Bliss > West Shore > Lake Tahoe > California",https://www.mountainproject.com/route/124572057/chucks-huck,4.0,-1,Boulder,V9,1,20,38.98556,-120.09977
"Tequila Sunset","Earthquake Boulder 2 > Summit Lake Boulders > Summit Lake Area > Donner/Truckee Bouldering > I-80 Corridor > Lake Tahoe > California",https://www.mountainproject.com/route/124603482/tequila-sunset,4.0,-1,Boulder,V9,1,20,39.35186,-120.32204
"Hot for Teacher","Academia  Boulder > School Rock Bouldering > Donner Pass > Donner/Truckee Bouldering > I-80 Corridor > Lake Tahoe > California",https://www.mountainproject.com/route/124795944/hot-for-teacher,2.0,-1,Boulder,V9,1,,39.31885,-120.32256
"Muscles for Bones","Muscles For Bones > Hondo Wash > Hondo Bouldering > Hondo > High Desert > California",https://www.mountainproject.com/route/124845560/muscles-for-bones,3.0,-1,Boulder,V9,1,,34.24157,-116.49398
Campfire,"Campfire Boulder > Hondo Wash > Hondo Bouldering > Hondo > High Desert > California",https://www.mountainproject.com/route/124845587/campfire,2.0,-1,Boulder,V9,1,,34.24272,-116.49465
Distraction,"Ill Cave > Lost World > Kirkwood Lake Area > Carson Pass Highway (88) > Lake Tahoe > California",https://www.mountainproject.com/route/124888522/distraction,1.0,-1,Boulder,V9,1,,38.70546,-120.08291
"The Dud","Ill Cave > Lost World > Kirkwood Lake Area > Carson Pass Highway (88) > Lake Tahoe > California",https://www.mountainproject.com/route/124888510/the-dud,1.0,-1,Boulder,V9,1,,38.70546,-120.08291
Ion,"The Saddle Boulder > The Saddles > Donner/Truckee Bouldering > I-80 Corridor > Lake Tahoe > California",https://www.mountainproject.com/route/125192722/ion,3.0,-1,Boulder,V9,1,,39.29877,-120.29473
"Double Dragon","Ronin Boulder > Markleeville Area > Lake Tahoe > California",https://www.mountainproject.com/route/125471856/double-dragon,3.0,-1,Boulder,V9,1,,38.64167,-119.72162
"Flying Olmec","Toltec Boulder > Meyers Area > South Shore > Lake Tahoe > California",https://www.mountainproject.com/route/125636067/flying-olmec,3.0,-1,Boulder,V9,1,,38.84653,-120.03835
"Captain Jean Luc Picard","Data and Picard > Lower Falls > Rancho Penasquitos Canyon > North San Diego County > San Diego County > California",https://www.mountainproject.com/route/125663481/captain-jean-luc-picard,3.0,-1,Boulder,V9,1,12,32.92668,-117.17792
