Route,Location,URL,"Avg Stars","Your Stars","Route Type",Rating,Pitches,Length,"Area Latitude","Area Longitude"
"Desert Dessert","Middle East Wall > Frenchman Coulee > Frenchman Coulee (Vantage) > Central Region > Washington",https://www.mountainproject.com/route/105947062/desert-dessert,3.7,-1,Sport,5.11a,1,65,47.02541,-119.97522
"Heaven's Gate","(d) Dana's Arch Area > Upper Town Wall > Index > Skykomish Valley > Central-West Cascades & Seattle > Washington",https://www.mountainproject.com/route/105816053/heavens-gate,3.7,-1,"Trad, Sport",5.11a,4,,47.82354,-121.56683
"Snooze Ya Lose","(e) Near End (aka Twin Cracks Area) > Sunshine Wall > Echo Basin > Frenchman Coulee (Vantage) > Central Region > Washington",https://www.mountainproject.com/route/105972150/snooze-ya-lose,3.2,-1,Sport,5.11a,1,80,47.02288,-119.97333
Sisyphus,"Goat Wall > Mazama > Okanogan > Washington",https://www.mountainproject.com/route/107192123/sisyphus,2.9,-1,Sport,5.11a,10,1000,48.62285,-120.44865
Spineless,"Private Idaho > Lookout Point Area > Index > Skykomish Valley > Central-West Cascades & Seattle > Washington",https://www.mountainproject.com/route/107305439/spineless,3.0,-1,"Sport, TR",5.11a,1,80,47.825,-121.55807
"House of Pain","(2) Middle Earth > Ozone > Columbia Gorge > South-West & Tacoma > Washington",https://www.mountainproject.com/route/106887491/house-of-pain,2.9,-1,Sport,5.11a,1,50,45.56658,-122.21157
"Architect Rally","Nevermind Wall > Deception Crags > Exit 38 > North Bend & Vicinity > Central-West Cascades & Seattle > Washington",https://www.mountainproject.com/route/106221614/architect-rally,2.9,-1,Sport,5.11a,1,70,47.43561,-121.6638
"Steep Street","Nevermind Wall > Deception Crags > Exit 38 > North Bend & Vicinity > Central-West Cascades & Seattle > Washington",https://www.mountainproject.com/route/105792983/steep-street,2.8,-1,Sport,5.11a,1,35,47.43561,-121.6638
Primus,"Amazonia > Mt Washington > Exit 38 > North Bend & Vicinity > Central-West Cascades & Seattle > Washington",https://www.mountainproject.com/route/106006893/primus,3.3,-1,Sport,5.11a,1,65,47.43994,-121.67544
"La Vida Locomotive","Deception Wall > Deception Crags > Exit 38 > North Bend & Vicinity > Central-West Cascades & Seattle > Washington",https://www.mountainproject.com/route/109116887/la-vida-locomotive,3.4,-1,Sport,5.11a,1,90,47.43537,-121.66052
"Leave My Face Alone","(c) The Country > The Country Area > Index > Skykomish Valley > Central-West Cascades & Seattle > Washington",https://www.mountainproject.com/route/106171282/leave-my-face-alone,3.3,-1,Sport,5.11a,1,90,47.81962,-121.56921
"The Roach","The Main Wall > Deep Creek > Spokane Area > Northeast Corner & Spokane > Washington",https://www.mountainproject.com/route/106273342/the-roach,3.0,-1,Sport,5.11a,1,50,47.7572,-117.5518
"Frank Presley","(c) The Country > The Country Area > Index > Skykomish Valley > Central-West Cascades & Seattle > Washington",https://www.mountainproject.com/route/105808027/frank-presley,2.6,-1,Sport,5.11a,1,90,47.81962,-121.56921
"Tubbing at Der Ritterhoff","Rattlesnake Rock > Tumwater Canyon > Leavenworth > Central-East Cascades, Wenatchee, & Leavenworth > Washington",https://www.mountainproject.com/route/107605805/tubbing-at-der-ritterhoff,3.6,-1,Sport,5.11a,1,75,47.6071,-120.71485
"Kate Moss","Ryan's Wall > Upper Skagit Valley > Hwy 20 and North Cascades National Park > Northwest Region > Washington",https://www.mountainproject.com/route/106282862/kate-moss,3.5,-1,Sport,5.11a,1,80,48.67782,-121.24374
"Pit Lizard","The Pit > Deep Creek > Spokane Area > Northeast Corner & Spokane > Washington",https://www.mountainproject.com/route/106467582/pit-lizard,3.0,-1,Sport,5.11a,1,,47.75309,-117.55051
"Free Installation","Main Wall > Dishman > Spokane Area > Northeast Corner & Spokane > Washington",https://www.mountainproject.com/route/106468186/free-installation,3.5,-1,Sport,5.11a,1,,47.6541,-117.28584
"Psychogenic Fugue Thus Far","(d) Riverview Park > Riverview Area > Echo Basin > Frenchman Coulee (Vantage) > Central Region > Washington",https://www.mountainproject.com/route/107683096/psychogenic-fugue-thus-far,3.1,-1,Sport,5.11a,1,40,47.02334,-119.98224
"Kids Nowadays","(f) Phun Rock Main Wall & Sunbug Slab > Fun (Phun) Rocks > Mazama > Okanogan > Washington",https://www.mountainproject.com/route/113676372/kids-nowadays,2.9,-1,Sport,5.11a,1,60,48.60499,-120.43204
"Cold Cut Combo","(g) M & M Wall > Sunshine's Lower Cliffs > Echo Basin > Frenchman Coulee (Vantage) > Central Region > Washington",https://www.mountainproject.com/route/106260042/cold-cut-combo,3.1,-1,Sport,"5.11a PG13",1,45,47.02237,-119.97186
"Hangover Helper","Substation > Deception Crags > Exit 38 > North Bend & Vicinity > Central-West Cascades & Seattle > Washington",https://www.mountainproject.com/route/108273656/hangover-helper,2.5,-1,Sport,5.11a,1,60,47.43698,-121.66337
"Double Take","(f) Phun Rock Main Wall & Sunbug Slab > Fun (Phun) Rocks > Mazama > Okanogan > Washington",https://www.mountainproject.com/route/111885424/double-take,2.3,-1,Sport,5.11a,1,40,48.60499,-120.43204
"Tofutti Cutie","{10} Mordor > Ozone > Columbia Gorge > South-West & Tacoma > Washington",https://www.mountainproject.com/route/110168778/tofutti-cutie,2.8,-1,Sport,5.11a,1,95,45.56754,-122.21005
"Weep Holes on a Sill","(d) Riverview Park > Riverview Area > Echo Basin > Frenchman Coulee (Vantage) > Central Region > Washington",https://www.mountainproject.com/route/106721171/weep-holes-on-a-sill,2.7,-1,Sport,5.11a,1,40,47.02334,-119.98224
Vicious,"(3) Snake Wall > Ozone > Columbia Gorge > South-West & Tacoma > Washington",https://www.mountainproject.com/route/107324388/vicious,2.6,-1,Sport,5.11a,1,70,45.5667,-122.21137
"Getting Your Kicks","{10} Mordor > Ozone > Columbia Gorge > South-West & Tacoma > Washington",https://www.mountainproject.com/route/108344993/getting-your-kicks,2.7,-1,Sport,5.11a,1,80,45.56754,-122.21005
"Angora Grotto","(c) The Country > The Country Area > Index > Skykomish Valley > Central-West Cascades & Seattle > Washington",https://www.mountainproject.com/route/108293441/angora-grotto,3.3,-1,"Trad, Sport",5.11a,1,95,47.81962,-121.56921
"Digital Leadout","Main Wall > Dishman > Spokane Area > Northeast Corner & Spokane > Washington",https://www.mountainproject.com/route/106371423/digital-leadout,3.0,-1,Sport,5.11a,1,65,47.6541,-117.28584
"[Unknown - Undercling Route]","(b) Cave Wall > Nason Ridge > Leavenworth > Central-East Cascades, Wenatchee, & Leavenworth > Washington",https://www.mountainproject.com/route/117853248/unknown-undercling-route,3.5,-1,Sport,5.11a,1,,47.78101,-120.83446
"Hairway to Stephen","(c) The Country > The Country Area > Index > Skykomish Valley > Central-West Cascades & Seattle > Washington",https://www.mountainproject.com/route/106054430/hairway-to-stephen,3.1,-1,Sport,5.11a,1,110,47.81962,-121.56921
"Arête Madness","(a) West Alcove > (b) Riverview Point > Riverview Area > Echo Basin > Frenchman Coulee (Vantage) > Central Region > Washington",https://www.mountainproject.com/route/107658978/arete-madness,2.5,-1,Sport,5.11a,1,40,47.02345,-119.98495
"Fit to be Tie Dyed","Lava Wall/Deadheads > Lava Point > Tieton River > South-Central & Yakima > Washington",https://www.mountainproject.com/route/106533431/fit-to-be-tie-dyed,3.0,-1,Sport,5.11a,1,45,46.66999,-121.11868
"Subconscious Bird Watcher","The Bird Watching Boulder > Rocks of Sharon > Spokane Area > Northeast Corner & Spokane > Washington",https://www.mountainproject.com/route/105881227/subconscious-bird-watcher,3.6,-1,Sport,5.11a,1,35,47.57652,-117.28483
"Finger My Slot","(c) Walking Legend Wall > Lower Lump Area > Index > Skykomish Valley > Central-West Cascades & Seattle > Washington",https://www.mountainproject.com/route/111127319/finger-my-slot,2.8,-1,Sport,5.11a,1,65,47.81721,-121.57599
"A Lustrous Pall Enmeshed","(a) Corn Wall > Sunshine's Lower Cliffs > Echo Basin > Frenchman Coulee (Vantage) > Central Region > Washington",https://www.mountainproject.com/route/106721209/a-lustrous-pall-enmeshed,2.8,-1,Sport,5.11a,1,35,47.0237,-119.97974
"Pork Sausage","Main Wall > China Bend > Northeast Corner & Spokane > Washington",https://www.mountainproject.com/route/107120987/pork-sausage,3.8,-1,Sport,5.11a,1,70,48.8196,-117.9636
"Blinded by the Light","Middle East Wall > Frenchman Coulee > Frenchman Coulee (Vantage) > Central Region > Washington",https://www.mountainproject.com/route/110390772/blinded-by-the-light,3.1,-1,Sport,5.11a,1,60,47.02541,-119.97522
"The Creation of Tranquility","(d) Riverview Park > Riverview Area > Echo Basin > Frenchman Coulee (Vantage) > Central Region > Washington",https://www.mountainproject.com/route/106721160/the-creation-of-tranquility,2.9,-1,Sport,5.11a,1,40,47.02334,-119.98224
"Late for Dinner","Deception Wall > Deception Crags > Exit 38 > North Bend & Vicinity > Central-West Cascades & Seattle > Washington",https://www.mountainproject.com/route/109083964/late-for-dinner,3.1,-1,Sport,5.11a,1,50,47.43537,-121.66052
"Act Natural","Upper Rhythm > The Rhythm Cliff > Middle Town Walls > Index > Skykomish Valley > Central-West Cascades & Seattle > Washington",https://www.mountainproject.com/route/119613842/act-natural,3.6,-1,Sport,5.11a,1,,47.82061,-121.56993
"Red Panda","Main Wall > 7 Mile Rock > Cumberland Crags > Other Skagit Valley Crags > Hwy 20 and North Cascades National Park > Northwest Region > Washington",https://www.mountainproject.com/route/108452876/red-panda,3.6,-1,"Trad, Sport",5.11a,1,80,48.46714,-121.96392
"A Midsummer Night's Dream","(e) Near End (aka Twin Cracks Area) > Sunshine Wall > Echo Basin > Frenchman Coulee (Vantage) > Central Region > Washington",https://www.mountainproject.com/route/108762255/a-midsummer-nights-dream,3.2,-1,"Trad, Sport",5.11a,1,100,47.02288,-119.97333
Punked,"Iron Mountain Crag > Cumberland Crags > Other Skagit Valley Crags > Hwy 20 and North Cascades National Park > Northwest Region > Washington",https://www.mountainproject.com/route/108459357/punked,4.0,-1,Sport,5.11a,1,70,48.46283,-121.93768
Fireball,"Whisky Rock > Rocks of Sharon > Spokane Area > Northeast Corner & Spokane > Washington",https://www.mountainproject.com/route/107183293/fireball,3.6,-1,"Sport, TR",5.11a,1,80,47.57852,-117.28617
"King Tut's Tomb","Wall of Many Faces > The Oasis > Tieton River > South-Central & Yakima > Washington",https://www.mountainproject.com/route/105929815/king-tuts-tomb,3.3,-1,Sport,5.11a,1,60,46.6964,-120.90902
Swell,"(f) Phun Rock Main Wall & Sunbug Slab > Fun (Phun) Rocks > Mazama > Okanogan > Washington",https://www.mountainproject.com/route/108309591/swell,2.6,-1,Sport,5.11a,1,,48.60499,-120.43204
"Tao of Life","Wu Wei Wall > Burge North - Hidden Canyon > Burge North (Tonasket) > Okanogan > Washington",https://www.mountainproject.com/route/117635513/tao-of-life,4.0,-1,Sport,5.11a,1,170,48.79772,-119.24285
Hyperballad,"Upper Deck > Calendar Butte > Walker Valley and Lake Cavanaugh Rd Crags > Hwy 20 and North Cascades National Park > Northwest Region > Washington",https://www.mountainproject.com/route/123102524/hyperballad,3.7,-1,Sport,5.11a,1,80,48.36225,-122.08364
"That’s a Salad","Reclamation Wall > Lake Cushman > Olympics & Pacific Coast > Washington",https://www.mountainproject.com/route/114075562/thats-a-salad,3.4,-1,Sport,5.11a,1,50,47.49309,-123.28871
"Insinuating Bliss","Jigsaw Right > (e) Jigsaw Wall > Sunshine's Lower Cliffs > Echo Basin > Frenchman Coulee (Vantage) > Central Region > Washington",https://www.mountainproject.com/route/107510437/insinuating-bliss,2.8,-1,Sport,5.11a,1,40,47.02305,-119.97602
"Quick and Witty","Crisis Wall > McLellan Rocks > Spokane Area > Northeast Corner & Spokane > Washington",https://www.mountainproject.com/route/105795128/quick-and-witty,3.3,-1,Sport,5.11a,1,35,47.83596,-117.72481
"24 Dollars a Day","Morning Wall > McLellan Rocks > Spokane Area > Northeast Corner & Spokane > Washington",https://www.mountainproject.com/route/115371795/24-dollars-a-day,3.7,-1,Sport,5.11a,1,40,47.83534,-117.72335
"Domestic Bliss","Ryan's Wall > Upper Skagit Valley > Hwy 20 and North Cascades National Park > Northwest Region > Washington",https://www.mountainproject.com/route/108981812/domestic-bliss,2.7,-1,Sport,5.11a,1,,48.67782,-121.24374
"Resting Effort Emptiness","(d) Riverview Park > Riverview Area > Echo Basin > Frenchman Coulee (Vantage) > Central Region > Washington",https://www.mountainproject.com/route/108055229/resting-effort-emptiness,2.7,-1,Sport,5.11a,1,35,47.02334,-119.98224
"Viva La Revolution","Mirabeau Park > Spokane Area > Northeast Corner & Spokane > Washington",https://www.mountainproject.com/route/106468207/viva-la-revolution,3.4,-1,"Sport, TR",5.11a,1,,47.68242,-117.22753
"Muted Reality","Lava Wall/Deadheads > Lava Point > Tieton River > South-Central & Yakima > Washington",https://www.mountainproject.com/route/106533440/muted-reality,2.8,-1,Sport,5.11a,1,45,46.66999,-121.11868
"Give Until It Hurts","(a) Relief Camp > Overhaul Area > Far Side > Exit 38 > North Bend & Vicinity > Central-West Cascades & Seattle > Washington",https://www.mountainproject.com/route/107756766/give-until-it-hurts,2.5,-1,Sport,5.11a,1,40,47.43265,-121.62504
"Never Forget Your Friends","(c) King Pins > Sunshine Wall > Echo Basin > Frenchman Coulee (Vantage) > Central Region > Washington",https://www.mountainproject.com/route/108683364/never-forget-your-friends,2.7,-1,Sport,5.11a,1,70,47.0231,-119.97494
"Tim's Route","Lava Wall/Deadheads > Lava Point > Tieton River > South-Central & Yakima > Washington",https://www.mountainproject.com/route/112179408/tims-route,3.3,-1,Sport,5.11a,1,75,46.66999,-121.11868
"Science Friction","Shangri-La > Far Side > Exit 38 > North Bend & Vicinity > Central-West Cascades & Seattle > Washington",https://www.mountainproject.com/route/109399811/science-friction,2.7,-1,Sport,5.11a,1,50,47.43114,-121.62
"Take Hold of the Flame","(b) Powerhouse Wall > Powerhouse Area > Echo Basin > Frenchman Coulee (Vantage) > Central Region > Washington",https://www.mountainproject.com/route/108124882/take-hold-of-the-flame,2.7,-1,Sport,5.11a,1,40,47.02193,-119.97018
Flow,"Zeke's Wall > Skykomish Valley > Central-West Cascades & Seattle > Washington",https://www.mountainproject.com/route/106549036/flow,3.7,-1,"Trad, Sport",5.11a,5,450,47.8502,-121.6044
"Bacon Bits","Reclamation Wall > Lake Cushman > Olympics & Pacific Coast > Washington",https://www.mountainproject.com/route/114075568/bacon-bits,3.2,-1,Sport,5.11a,1,50,47.49309,-123.28871
"The Last of Summer","Lizard Ledge > Keechelus Ridge > Snoqualmie Pass Area > Central-West Cascades & Seattle > Washington",https://www.mountainproject.com/route/117815325/the-last-of-summer,3.4,-1,Sport,5.11a,1,85,47.36494,-121.31378
"Balanced Effect","West Face > Big Rock > Rocks of Sharon > Spokane Area > Northeast Corner & Spokane > Washington",https://www.mountainproject.com/route/108238301/balanced-effect,3.0,-1,Sport,5.11a,2,,47.57828,-117.28614
"Speak No Evil","Pearly Gates > Snow Creek Area > Icicle Creek > Leavenworth > Central-East Cascades, Wenatchee, & Leavenworth > Washington",https://www.mountainproject.com/route/112019746/speak-no-evil,3.2,-1,Sport,5.11a,1,100,47.53632,-120.71457
"Nothing Else Matters","Dream Wall > Lava Point > Tieton River > South-Central & Yakima > Washington",https://www.mountainproject.com/route/107694896/nothing-else-matters,3.1,-1,Sport,5.11a,1,50,46.67136,-121.12417
"Victim of Fate","(b) Powerhouse Wall > Powerhouse Area > Echo Basin > Frenchman Coulee (Vantage) > Central Region > Washington",https://www.mountainproject.com/route/107320523/victim-of-fate,2.7,-1,Sport,5.11a,1,75,47.02193,-119.97018
Wicked,"(d) Field of Dreams > Lower Lump Area > Index > Skykomish Valley > Central-West Cascades & Seattle > Washington",https://www.mountainproject.com/route/121374233/wicked,2.8,-1,Sport,5.11a,1,70,47.81784,-121.57528
"Cuticle Death","Crackenstein > Olympics & Pacific Coast > Washington",https://www.mountainproject.com/route/117402205/cuticle-death,3.5,-1,"Sport, TR",5.11a,1,60,48.16052,-123.68158
Disincarnate,"World Wall > World Wall Group > Exit 32; Little Si > North Bend & Vicinity > Central-West Cascades & Seattle > Washington",https://www.mountainproject.com/route/106926556/disincarnate,2.4,-1,Sport,5.11a,1,70,47.49795,-121.7549
Foreplay,"(b) Motherland > Overhaul Area > Far Side > Exit 38 > North Bend & Vicinity > Central-West Cascades & Seattle > Washington",https://www.mountainproject.com/route/112127814/foreplay,2.6,-1,Sport,5.11a,1,65,47.43252,-121.62477
"Village Idiot","Public Wall > Metaline Falls > Northeast Corner & Spokane > Washington",https://www.mountainproject.com/route/120614877/village-idiot,3.5,-1,Sport,5.11a,1,70,48.86695,-117.37392
"Fifteen Minutes of Fame","(g) M & M Wall > Sunshine's Lower Cliffs > Echo Basin > Frenchman Coulee (Vantage) > Central Region > Washington",https://www.mountainproject.com/route/107526868/fifteen-minutes-of-fame,2.7,-1,Sport,5.11a,1,40,47.02237,-119.97186
"Hummingbird Symphony","Lizard Ledge > Keechelus Ridge > Snoqualmie Pass Area > Central-West Cascades & Seattle > Washington",https://www.mountainproject.com/route/117620778/hummingbird-symphony,3.2,-1,Sport,5.11a,1,50,47.36494,-121.31378
"Earth and Sky","The Elwhall > Elwha River > Olympics & Pacific Coast > Washington",https://www.mountainproject.com/route/111773635/earth-and-sky,2.9,-1,Sport,5.11a,1,,48.09663,-123.55689
"Humble Pie","Main Face > Royal Columns > Tieton River > South-Central & Yakima > Washington",https://www.mountainproject.com/route/107115498/humble-pie,3.1,-1,Sport,5.11a,1,,46.72512,-120.80948
"The Open Book","Open book > Lake Cushman > Olympics & Pacific Coast > Washington",https://www.mountainproject.com/route/114075603/the-open-book,3.3,-1,Sport,5.11a,1,65,47.49335,-123.28889
"Nowhere to Run","(d) Postal Wall > Middle East's Lower Cliffs > Frenchman Coulee > Frenchman Coulee (Vantage) > Central Region > Washington",https://www.mountainproject.com/route/117271265/nowhere-to-run,2.6,-1,Sport,5.11a,1,,47.02541,-119.9753
"Magic Cats","(f) Central Skyline Arete > (e) Skyline Arete Area > Mount Erie > San Juan, Fidalgo & Whidbey Islands > Northwest Region > Washington",https://www.mountainproject.com/route/117661029/magic-cats,3.2,-1,Sport,5.11a,1,120,48.45247,-122.62895
"Astral Cloud","Astral Wall > South Fork Cliff > Tieton River > South-Central & Yakima > Washington",https://www.mountainproject.com/route/111958566/astral-cloud,3.2,-1,Sport,5.11a,1,170,46.5925,-121.2381
"Loud Pipes Save Lives","Pitbull Wall > Tumtum > Spokane Area > Northeast Corner & Spokane > Washington",https://www.mountainproject.com/route/112025851/loud-pipes-save-lives,3.3,-1,Sport,5.11a,1,50,47.83987,-117.74934
"Through the Roof","Jigsaw Left > (e) Jigsaw Wall > Sunshine's Lower Cliffs > Echo Basin > Frenchman Coulee (Vantage) > Central Region > Washington",https://www.mountainproject.com/route/107510230/through-the-roof,2.3,-1,Sport,5.11a,1,40,47.02312,-119.97649
Pieta,"Granite Point Roped > Granite Point > Southeast Corner > Washington",https://www.mountainproject.com/route/114782636/pieta,2.8,-1,"Sport, TR",5.11a,1,50,46.60465,-117.35937
"Dixie Crystals","West Face > Big Rock > Rocks of Sharon > Spokane Area > Northeast Corner & Spokane > Washington",https://www.mountainproject.com/route/112117662/dixie-crystals,3.0,-1,Sport,5.11a,2,,47.57828,-117.28614
"Killer Lob","(d) Riverview Park > Riverview Area > Echo Basin > Frenchman Coulee (Vantage) > Central Region > Washington",https://www.mountainproject.com/route/109664817/killer-lob,2.7,-1,Sport,"5.11a PG13",1,40,47.02334,-119.98224
"The Issue","West Face > Big Rock > Rocks of Sharon > Spokane Area > Northeast Corner & Spokane > Washington",https://www.mountainproject.com/route/114505754/the-issue,2.8,-1,Sport,5.11a,2,,47.57828,-117.28614
"Magster from the Bus","(a) West Alcove > (b) Riverview Point > Riverview Area > Echo Basin > Frenchman Coulee (Vantage) > Central Region > Washington",https://www.mountainproject.com/route/113716280/magster-from-the-bus,2.1,-1,Sport,5.11a,1,35,47.02345,-119.98495
"The Shrew","Rattletale Wall > Lookout Point Area > Index > Skykomish Valley > Central-West Cascades & Seattle > Washington",https://www.mountainproject.com/route/110917064/the-shrew,2.6,-1,Sport,5.11a,1,,47.8243,-121.5613
"Sharks in the Water","Cave Wall > Fossil Rock > Tacoma & I5 to Foothills > South-West & Tacoma > Washington",https://www.mountainproject.com/route/107600292/sharks-in-the-water,3.0,-1,Sport,5.11a,1,,46.8271,-122.4254
Megalomania,"The Diamond > The Diamond Area > Index > Skykomish Valley > Central-West Cascades & Seattle > Washington",https://www.mountainproject.com/route/114348660/megalomania,3.2,-1,Sport,5.11a,5,,47.8253,-121.561
Relics,"Middle Wall > The Cave > Tieton River > South-Central & Yakima > Washington",https://www.mountainproject.com/route/107670089/relics,2.6,-1,Sport,5.11a,1,60,46.68684,-120.94121
"The Vulgar Streak","Wildcat Wall > Tieton River > South-Central & Yakima > Washington",https://www.mountainproject.com/route/120965964/the-vulgar-streak,3.2,-1,Sport,5.11a,1,100,46.66951,-121.14358
"Last Chance for Gas, AKA Tricky Start","Shuksan Crag > Baker Crags > Bellingham and Mt Baker Hwy > Northwest Region > Washington",https://www.mountainproject.com/route/109879909/last-chance-for-gas-aka-tricky-start,3.0,-1,"Sport, TR, Mixed","5.11a M6+",1,50,48.90581,-121.6776
Wave,"Dream Wall > Lava Point > Tieton River > South-Central & Yakima > Washington",https://www.mountainproject.com/route/117867614/wave,3.0,-1,Sport,5.11a,1,70,46.67136,-121.12417
Gravalanche,"The Pit > Deep Creek > Spokane Area > Northeast Corner & Spokane > Washington",https://www.mountainproject.com/route/108235982/gravalanche,2.0,-1,Sport,5.11a,1,,47.75309,-117.55051
"Insulin Shock","Rock Candy > McLellan Rocks > Spokane Area > Northeast Corner & Spokane > Washington",https://www.mountainproject.com/route/108238227/insulin-shock,3.0,-1,Sport,5.11a,1,,47.8356,-117.725
"Dancing Madly Backwards","Orange Sunshine area > Royal Columns > Tieton River > South-Central & Yakima > Washington",https://www.mountainproject.com/route/107192062/dancing-madly-backwards,2.4,-1,Sport,5.11a,1,70,46.72461,-120.80957
"Fat Lip","Cliff Drive > Spokane Area > Northeast Corner & Spokane > Washington",https://www.mountainproject.com/route/106506196/fat-lip,2.7,-1,"Sport, TR",5.11a,1,,47.64739,-117.41954
"Cat 5: Gutter Grab","(c) Eastern Block > Interstate Park > Far Side > Exit 38 > North Bend & Vicinity > Central-West Cascades & Seattle > Washington",https://www.mountainproject.com/route/122847411/cat-5-gutter-grab,1.6,-1,Sport,5.11a,1,80,47.43073,-121.62087
"Space Case","(d) The Launch Pad > Powerhouse Area > Echo Basin > Frenchman Coulee (Vantage) > Central Region > Washington",https://www.mountainproject.com/route/120339325/space-case,2.6,-1,Sport,5.11a,1,35,47.0211,-119.96921
"War Boy","Thunder Dome > Tumtum > Spokane Area > Northeast Corner & Spokane > Washington",https://www.mountainproject.com/route/118818940/war-boy,3.3,-1,Sport,5.11a,1,60,47.84012,-117.7495
Ultron,"Banana Split Dome > Tumtum > Spokane Area > Northeast Corner & Spokane > Washington",https://www.mountainproject.com/route/118920222/ultron,3.0,-1,Sport,5.11a,1,80,47.83965,-117.75275
Murl,"Crisis Wall > McLellan Rocks > Spokane Area > Northeast Corner & Spokane > Washington",https://www.mountainproject.com/route/117896977/murl,3.0,-1,Sport,5.11a,1,40,47.83596,-117.72481
"The Dark End of the Street","6) Middle Earth > Burge Mountain (Tonasket) > Okanogan > Washington",https://www.mountainproject.com/route/108160528/the-dark-end-of-the-street,3.0,-1,Sport,5.11a,1,110,48.7814,-119.27191
Smorgasbord,"Smorgasbord Crag > Eight Mile Area > Icicle Creek > Leavenworth > Central-East Cascades, Wenatchee, & Leavenworth > Washington",https://www.mountainproject.com/route/122553359/smorgasbord,3.0,-1,Sport,5.11a,2,120,47.55711,-120.76033
"Get it, Shorty","OH8 > Columbia Gorge > South-West & Tacoma > Washington",https://www.mountainproject.com/route/109610579/get-it-shorty,2.4,-1,Sport,5.11a,1,30,45.71055,-121.37375
"The Eleven","Deadhead Wall > Burge Hollow - Hidden Canyon South > Burge North (Tonasket) > Okanogan > Washington",https://www.mountainproject.com/route/122972554/the-eleven,3.0,-1,Sport,"5.11a PG13",1,40,48.78053,-119.2492
Schooled,"Judith Pond West > Ancient Lakes Coulee > Central Region > Washington",https://www.mountainproject.com/route/118601886/schooled,3.0,-1,Sport,5.11a,1,50,47.14942,-119.93559
"Fake It Till You Make It","La Petite Mort Wall > Burge North - Hidden Canyon > Burge North (Tonasket) > Okanogan > Washington",https://www.mountainproject.com/route/123114530/fake-it-till-you-make-it,3.0,-1,Sport,5.11a,1,30,48.79733,-119.24361
"Black Celebration","Rainbow Rocks > Tieton River > South-Central & Yakima > Washington",https://www.mountainproject.com/route/118772690/black-celebration,3.3,-1,Sport,5.11a,1,50,46.68425,-120.95838
"Flatter Matter","Bermuda's Triangle > The Underhood > Elwha River > Olympics & Pacific Coast > Washington",https://www.mountainproject.com/route/111775261/flatter-matter,3.0,-1,Sport,5.11a,1,,48.0954,-123.55563
"History Repeats Itself (short)","Hot Rock > Calendar Butte > Walker Valley and Lake Cavanaugh Rd Crags > Hwy 20 and North Cascades National Park > Northwest Region > Washington",https://www.mountainproject.com/route/123105012/history-repeats-itself-short,3.3,-1,Sport,5.11a,1,100,48.362,-122.08328
Sisyphus,"Hidden Slot > Burge North - Hidden Canyon > Burge North (Tonasket) > Okanogan > Washington",https://www.mountainproject.com/route/113496842/sisyphus,3.0,-1,Sport,5.11a,1,50,48.79762,-119.24323
Haiku,"Middle Wall > The Cave > Tieton River > South-Central & Yakima > Washington",https://www.mountainproject.com/route/112213042/haiku,2.5,-1,Sport,5.11a,1,40,46.68684,-120.94121
"Flight of the Fat Kid","Shadow Wall > Calendar Butte > Walker Valley and Lake Cavanaugh Rd Crags > Hwy 20 and North Cascades National Park > Northwest Region > Washington",https://www.mountainproject.com/route/123106500/flight-of-the-fat-kid,2.8,-1,Sport,5.11a,1,100,48.36202,-122.08273
"Hipneck (short)","Shadow Wall > Calendar Butte > Walker Valley and Lake Cavanaugh Rd Crags > Hwy 20 and North Cascades National Park > Northwest Region > Washington",https://www.mountainproject.com/route/123105705/hipneck-short,3.3,-1,Sport,5.11a,1,90,48.36202,-122.08273
"Route C","East End Wall > Cowiche Canyon > South-Central & Yakima > Washington",https://www.mountainproject.com/route/123509946/route-c,2.8,-1,"Sport, TR",5.11a,1,40,46.62213,-120.62552
"Not the Obvious Gully","Winter Block > Far Side > Exit 38 > North Bend & Vicinity > Central-West Cascades & Seattle > Washington",https://www.mountainproject.com/route/114343639/not-the-obvious-gully,2.6,-1,Sport,5.11a,1,40,47.43233,-121.61838
"The Overture","Deception Wall > Deception Crags > Exit 38 > North Bend & Vicinity > Central-West Cascades & Seattle > Washington",https://www.mountainproject.com/route/108510539/the-overture,2.6,-1,Sport,5.11a,1,70,47.43537,-121.66052
Scat,"The Pines > McLellan Rocks > Spokane Area > Northeast Corner & Spokane > Washington",https://www.mountainproject.com/route/115375253/scat,2.6,-1,Sport,5.11a,1,40,47.83677,-117.72265
"Express Arete","Battle of the Bulge - Right > Fossil Rock > Tacoma & I5 to Foothills > South-West & Tacoma > Washington",https://www.mountainproject.com/route/107600225/express-arete,2.7,-1,Sport,5.11a,1,50,46.8271,-122.4254
"Russian Roulette","(e) Casino Wall > (e) Skyline Arete Area > Mount Erie > San Juan, Fidalgo & Whidbey Islands > Northwest Region > Washington",https://www.mountainproject.com/route/119121326/russian-roulette,2.7,-1,Sport,5.11a,1,25,48.4525,-122.62902
"In the Dog House","(d) Dog House > Sunshine's Lower Cliffs > Echo Basin > Frenchman Coulee (Vantage) > Central Region > Washington",https://www.mountainproject.com/route/117875101/in-the-dog-house,2.8,-1,Sport,5.11a,1,50,47.02346,-119.97777
"Poppa Oscar Tango","Magic Mikes Wall > Fossil Rock > Tacoma & I5 to Foothills > South-West & Tacoma > Washington",https://www.mountainproject.com/route/107603348/poppa-oscar-tango,2.6,-1,Sport,5.11a,1,50,46.8271,-122.4254
"Battle of the Bulge","Battle Of the Bulge- Left > Fossil Rock > Tacoma & I5 to Foothills > South-West & Tacoma > Washington",https://www.mountainproject.com/route/107600258/battle-of-the-bulge,2.6,-1,Sport,5.11a,1,50,46.8271,-122.4254
"The Clean White Bright Light of Forgiveness","Crack du Jour > Eight Mile Area > Icicle Creek > Leavenworth > Central-East Cascades, Wenatchee, & Leavenworth > Washington",https://www.mountainproject.com/route/108203863/the-clean-white-bright-light-of-forgiveness,2.6,-1,Sport,5.11a,1,65,47.55385,-120.76208
"Easy Money","Kiosk Rock > Deception Crags > Exit 38 > North Bend & Vicinity > Central-West Cascades & Seattle > Washington",https://www.mountainproject.com/route/112136873/easy-money,2.0,-1,Sport,"5.11a PG13",1,25,47.43775,-121.66398
"Son of Sam","South Wall > Marcus > Northeast Corner & Spokane > Washington",https://www.mountainproject.com/route/107173243/son-of-sam,2.6,-1,Sport,5.11a,1,40,48.6971,-118.0072
Oso,"Diablo Wall > Upper Skagit Valley > Hwy 20 and North Cascades National Park > Northwest Region > Washington",https://www.mountainproject.com/route/112358383/oso,2.7,-1,Sport,5.11a,1,70,48.71251,-121.16078
"Selah Hills Single Wide","Econo Ledge > Working Class Wall > Tieton River > South-Central & Yakima > Washington",https://www.mountainproject.com/route/118638600/selah-hills-single-wide,2.7,-1,Sport,5.11a,1,70,46.72507,-120.81034
"Domestic Principles","Domestic Dome > Domestic Dome Area > Icicle Creek > Leavenworth > Central-East Cascades, Wenatchee, & Leavenworth > Washington",https://www.mountainproject.com/route/112211444/domestic-principles,2.7,-1,Sport,5.11a,2,100,47.54519,-120.73798
"Rage of the Raptors","Jurassic Park Wall > (k) Adventure Crags > (e) Skyline Arete Area > Mount Erie > San Juan, Fidalgo & Whidbey Islands > Northwest Region > Washington",https://www.mountainproject.com/route/120831278/rage-of-the-raptors,2.7,-1,Sport,5.11a,1,32,48.45203,-122.63012
"Walk on the Wild Side","Mirabeau Park > Spokane Area > Northeast Corner & Spokane > Washington",https://www.mountainproject.com/route/106458599/walk-on-the-wild-side,2.7,-1,Sport,5.11a,1,,47.68242,-117.22753
"Boot Top Fracture","Trundle Dome > Lower Icicle Canyon > Icicle Creek > Leavenworth > Central-East Cascades, Wenatchee, & Leavenworth > Washington",https://www.mountainproject.com/route/106605502/boot-top-fracture,2.5,-1,"Trad, Sport, TR",5.11a,1,85,47.548,-120.696
"Traverse to the Hole","Valley View West > Bob's Area > Mt Washington > Exit 38 > North Bend & Vicinity > Central-West Cascades & Seattle > Washington",https://www.mountainproject.com/route/110705112/traverse-to-the-hole,2.3,-1,Sport,5.11a,1,75,47.43718,-121.68649
"Penguins in Bondage","The Elwhall > Elwha River > Olympics & Pacific Coast > Washington",https://www.mountainproject.com/route/111774613/penguins-in-bondage,2.4,-1,Sport,5.11a,1,,48.09663,-123.55689
"7 Fathom Arete","Umbrella Rock > Walker Valley and Lake Cavanaugh Rd Crags > Hwy 20 and North Cascades National Park > Northwest Region > Washington",https://www.mountainproject.com/route/108524028/7-fathom-arete,2.5,-1,Sport,5.11a,1,42,48.35234,-122.0908
"Fresh Neglect","The Pit > Deep Creek > Spokane Area > Northeast Corner & Spokane > Washington",https://www.mountainproject.com/route/107558677/fresh-neglect,2.4,-1,Sport,5.11a,1,,47.75309,-117.55051
"Giddy Up","(c) Hen House > Sunshine's Lower Cliffs > Echo Basin > Frenchman Coulee (Vantage) > Central Region > Washington",https://www.mountainproject.com/route/108736316/giddy-up,2.4,-1,Sport,5.11a,1,60,47.02369,-119.97825
"Enigmatic Fanatic","(e) Rhinozone > Fun (Phun) Rocks > Mazama > Okanogan > Washington",https://www.mountainproject.com/route/119524017/enigmatic-fanatic,2.5,-1,Sport,5.11a,1,80,48.60536,-120.43262
"A. Tanner","Deja Vu > The Matrix > Mazama > Okanogan > Washington",https://www.mountainproject.com/route/114029691/a-tanner,2.3,-1,Sport,5.11a,1,60,48.57984,-120.36622
"Call of the Wild","West Face > Big Rock > Rocks of Sharon > Spokane Area > Northeast Corner & Spokane > Washington",https://www.mountainproject.com/route/109631680/call-of-the-wild,2.4,-1,Sport,5.11a,1,180,47.57828,-117.28614
"Patience on the Edge of Beauty","Upper Tier > Valley View East > Bob's Area > Mt Washington > Exit 38 > North Bend & Vicinity > Central-West Cascades & Seattle > Washington",https://www.mountainproject.com/route/118836579/patience-on-the-edge-of-beauty,2.7,-1,Sport,5.11a,1,40,47.4378,-121.68339
"Upchuck the Boogie","East Face > The Triplets > Rocks of Sharon > Spokane Area > Northeast Corner & Spokane > Washington",https://www.mountainproject.com/route/119059049/upchuck-the-boogie,2.5,-1,Sport,5.11a,1,30,47.57922,-117.28668
"Napoleon Roof","Dream Wall > Lava Point > Tieton River > South-Central & Yakima > Washington",https://www.mountainproject.com/route/112213014/napoleon-roof,2.8,-1,Sport,5.11a,1,60,46.67136,-121.12417
unnamed,"Split Rock > McLellan Rocks > Spokane Area > Northeast Corner & Spokane > Washington",https://www.mountainproject.com/route/115371657/unnamed,2.5,-1,Sport,5.11a,1,40,47.8356,-117.72517
"11a at the ledge","Twin Pines Buttress > Tumtum > Spokane Area > Northeast Corner & Spokane > Washington",https://www.mountainproject.com/route/118832570/11a-at-the-ledge,2.5,-1,Sport,5.11a,1,35,47.83977,-117.75313
"Razor's Edge","The Apron (aka Highway Rock) > Tumtum > Spokane Area > Northeast Corner & Spokane > Washington",https://www.mountainproject.com/route/111860852/razors-edge,2.5,-1,Sport,5.11a,1,50,47.8382,-117.7566
"Red Gravy","Crack du Jour > Eight Mile Area > Icicle Creek > Leavenworth > Central-East Cascades, Wenatchee, & Leavenworth > Washington",https://www.mountainproject.com/route/108203871/red-gravy,2.1,-1,Sport,5.11a,1,65,47.55385,-120.76208
"Left Hand Man","(f) Phun Rock Main Wall & Sunbug Slab > Fun (Phun) Rocks > Mazama > Okanogan > Washington",https://www.mountainproject.com/route/120631841/left-hand-man,2.3,-1,Sport,5.11a,1,60,48.60499,-120.43204
"The Chancellor of Choss","Loser's Ledge > Working Class Wall > Tieton River > South-Central & Yakima > Washington",https://www.mountainproject.com/route/117595216/the-chancellor-of-choss,2.4,-1,Sport,5.11a,1,46,46.72538,-120.81028
"Aperture Ecstasy in a Nocturne Divine","Alpina > Bob's Area > Mt Washington > Exit 38 > North Bend & Vicinity > Central-West Cascades & Seattle > Washington",https://www.mountainproject.com/route/118687922/aperture-ecstasy-in-a-nocturne-divine,2.6,-1,Sport,5.11a,1,40,47.43725,-121.68288
"Down and Under","(c) Snag Buttress > (g) Main Wall > Mount Erie > San Juan, Fidalgo & Whidbey Islands > Northwest Region > Washington",https://www.mountainproject.com/route/117263976/down-and-under,2.3,-1,"Sport, TR",5.11a,1,30,48.45191,-122.62787
"Children of Chaos","Mark's Wall > The Cave > Tieton River > South-Central & Yakima > Washington",https://www.mountainproject.com/route/114425027/children-of-chaos,2.3,-1,Sport,5.11a,1,40,46.68613,-120.9419
"Crimp the Bucket","(c) Snag Buttress > (g) Main Wall > Mount Erie > San Juan, Fidalgo & Whidbey Islands > Northwest Region > Washington",https://www.mountainproject.com/route/117264071/crimp-the-bucket,2.0,-1,Sport,5.11a,1,65,48.45191,-122.62787
"Autumnal Pleasures Swept Beneath","Jigsaw Right > (e) Jigsaw Wall > Sunshine's Lower Cliffs > Echo Basin > Frenchman Coulee (Vantage) > Central Region > Washington",https://www.mountainproject.com/route/107510458/autumnal-pleasures-swept-beneath,2.0,-1,Sport,5.11a,1,40,47.02305,-119.97602
"Good Directions","(f) Fat and Skinny Man Walls > Sunshine's Lower Cliffs > Echo Basin > Frenchman Coulee (Vantage) > Central Region > Washington",https://www.mountainproject.com/route/107528851/good-directions,1.7,-1,Sport,5.11a,1,50,47.02261,-119.97257
Semi-Suite,"Semi-Wall > Mt Washington > Exit 38 > North Bend & Vicinity > Central-West Cascades & Seattle > Washington",https://www.mountainproject.com/route/106006924/semi-suite,2.0,-1,Sport,5.11a,1,35,47.44099,-121.67963
Moreplay,"(b) Motherland > Overhaul Area > Far Side > Exit 38 > North Bend & Vicinity > Central-West Cascades & Seattle > Washington",https://www.mountainproject.com/route/114507848/moreplay,2.0,-1,Sport,5.11a,1,70,47.43252,-121.62477
"Deadbeat Descendant","The Chunkyard > Tieton River > South-Central & Yakima > Washington",https://www.mountainproject.com/route/112180684/deadbeat-descendant,2.0,-1,Sport,5.11a,1,,46.715,-120.86428
Tweener,"The Elwhall > Elwha River > Olympics & Pacific Coast > Washington",https://www.mountainproject.com/route/111774057/tweener,2.0,-1,Sport,5.11a,1,,48.09663,-123.55689
"Irish Spring","Main Wall > 7 Mile Rock > Cumberland Crags > Other Skagit Valley Crags > Hwy 20 and North Cascades National Park > Northwest Region > Washington",https://www.mountainproject.com/route/108462242/irish-spring,2.0,-1,"Trad, Sport",5.11a,1,140,48.46714,-121.96392
"Shade Grown","Hexagonal Satellites > South Fork Cliff > Tieton River > South-Central & Yakima > Washington",https://www.mountainproject.com/route/121500027/shade-grown,2.0,-1,Sport,5.11a,1,60,46.59242,-121.23822
"Blues Riff","The Blues Cliff > Middle Town Walls > Index > Skykomish Valley > Central-West Cascades & Seattle > Washington",https://www.mountainproject.com/route/119444895/blues-riff,2.0,-1,Sport,5.11a,1,,47.81993,-121.5696
"Larry the Tool Wants You","Fee Demo Wall > Stegosaurus Butte > Exit 34; Middle Fork & Taylor River > North Bend & Vicinity > Central-West Cascades & Seattle > Washington",https://www.mountainproject.com/route/120565643/larry-the-tool-wants-you,2.0,-1,Sport,5.11a,1,120,47.54199,-121.5266
"Masters of the Universe","Three O'clock Rock > Darrington > Darrington and Mountain Loop Hwy > Northwest Region > Washington",https://www.mountainproject.com/route/108543506/masters-of-the-universe,2.0,-1,Sport,5.11a,3,,48.15921,-121.61707
Wingrider,"(b) Main Wall West > (g) Main Wall > Mount Erie > San Juan, Fidalgo & Whidbey Islands > Northwest Region > Washington",https://www.mountainproject.com/route/123036190/wingrider,2.0,-1,Sport,5.11a,1,55,48.45197,-122.62805
"Chitlins Con Carne","Summertime Crag > Washington Pass > North Cascades > Hwy 20 and North Cascades National Park > Northwest Region > Washington",https://www.mountainproject.com/route/110728678/chitlins-con-carne,2.0,-1,"Sport, Alpine",5.11a,1,70,48.52006,-120.6398
"DEJA VU","Shangri La > Kettle Valley (Curlew) > Okanogan > Washington",https://www.mountainproject.com/route/110041645/deja-vu,2.0,-1,Sport,5.11a,1,60,48.90491,-118.73766
"Out of Sight","Lower Wall > 1) Western Front > Burge Mountain (Tonasket) > Okanogan > Washington",https://www.mountainproject.com/route/108160467/out-of-sight,2.0,-1,Sport,5.11a,1,75,48.78427,-119.27714
"A Sheep No More","West Face Slabs > West Face > Whistler Canyon Trailhead (Oroville) > Okanogan > Washington",https://www.mountainproject.com/route/108163219/a-sheep-no-more,2.0,-1,Sport,5.11a,1,60,48.90304,-119.42285
"Looking Glass World","Face Only a Mutha Could Love > South West Face > Whistler Canyon Trailhead (Oroville) > Okanogan > Washington",https://www.mountainproject.com/route/108162626/looking-glass-world,2.0,-1,Sport,5.11a,1,100,48.90304,-119.42285
"My Way","Lower Garden Ledge Wall > West Face > Whistler Canyon Trailhead (Oroville) > Okanogan > Washington",https://www.mountainproject.com/route/108162578/my-way,2.0,-1,Sport,5.11a,1,80,48.90304,-119.42285
"Hypocritical Oaf","The Burbs > McLellan Rocks > Spokane Area > Northeast Corner & Spokane > Washington",https://www.mountainproject.com/route/123362632/hypocritical-oaf,2.0,-1,Sport,5.11a,1,50,47.83598,-117.72324
Subversive,"Substation > Deception Crags > Exit 38 > North Bend & Vicinity > Central-West Cascades & Seattle > Washington",https://www.mountainproject.com/route/108512206/subversive,1.6,-1,Sport,5.11a,1,30,47.43698,-121.66337
"Hermes (The Greek God of Agility Frowns Upon Those Who Create Route Names Longer than the Actual Length of the Route Itself)","Jigsaw Right > (e) Jigsaw Wall > Sunshine's Lower Cliffs > Echo Basin > Frenchman Coulee (Vantage) > Central Region > Washington",https://www.mountainproject.com/route/107510471/hermes-the-greek-god-of-agility-frowns-upon-those-who-create-route-names-longer-,1.4,-1,Sport,5.11a,1,40,47.02305,-119.97602
"Empty Space","The Elwhall > Elwha River > Olympics & Pacific Coast > Washington",https://www.mountainproject.com/route/111773998/empty-space,1.3,-1,Sport,5.11a,1,,48.09663,-123.55689
"Western Star","The Arena > Metaline Falls > Northeast Corner & Spokane > Washington",https://www.mountainproject.com/route/121274821/western-star,1.0,-1,Sport,5.11a,1,100,48.8679,-117.3752
"Have You Licked My Puzzle Yet?","(d) The Woods Alcove > The Woods Group > Exit 32; Little Si > North Bend & Vicinity > Central-West Cascades & Seattle > Washington",https://www.mountainproject.com/route/117699540/have-you-licked-my-puzzle-yet,1.0,-1,Sport,5.11a,1,30,47.49769,-121.75463
"The Full Monty","(g) Nelson's Wall > (b) Shady Hollow > Mount Erie > San Juan, Fidalgo & Whidbey Islands > Northwest Region > Washington",https://www.mountainproject.com/route/117264527/the-full-monty,1.0,-1,Sport,"5.11a R",1,40,48.45363,-122.63197
"Air Over Aries","(A) Great Northern Slab > Lower Town Wall > Index > Skykomish Valley > Central-West Cascades & Seattle > Washington",https://www.mountainproject.com/route/106620646/air-over-aries,1.0,-1,Sport,5.11a,1,60,47.81841,-121.57219
"Walking on Airete","Morning Rock - East Face > Morning Rock > Kettle Valley (Curlew) > Okanogan > Washington",https://www.mountainproject.com/route/108210499/walking-on-airete,1.0,-1,"Trad, Sport",5.11a,1,80,48.89239,-118.69927
"Another Roadside Attraction","Roadside > Kettle Valley (Curlew) > Okanogan > Washington",https://www.mountainproject.com/route/108819546/another-roadside-attraction,1.0,-1,Sport,5.11a,1,60,48.905,-118.7255
"Trad Gone Bad","Morning Rock - West Face > Morning Rock > Kettle Valley (Curlew) > Okanogan > Washington",https://www.mountainproject.com/route/108210708/trad-gone-bad,1.0,-1,"Trad, Sport, Aid","5.11a A0",1,80,48.89239,-118.69927
"Out of Mind","Lower Wall > 1) Western Front > Burge Mountain (Tonasket) > Okanogan > Washington",https://www.mountainproject.com/route/108160482/out-of-mind,1.0,-1,Sport,5.11a,1,75,48.78427,-119.27714
"Inner Garden","The Bookstore - Grey Slabs and Garden Wall > The Bookstore > Kettle Valley (Curlew) > Okanogan > Washington",https://www.mountainproject.com/route/108213481/inner-garden,1.0,-1,Sport,5.11a,1,80,48.90683,-118.72507
Wishbone,"Alger Overhang > Squire Ridge > Bellingham Area > Bellingham and Mt Baker Hwy > Northwest Region > Washington",https://www.mountainproject.com/route/123712562/wishbone,3.0,-1,Sport,5.11a,1,50,48.63765,-122.34912
"Flossing the Sky","Alger Overhang > Squire Ridge > Bellingham Area > Bellingham and Mt Baker Hwy > Northwest Region > Washington",https://www.mountainproject.com/route/123712615/flossing-the-sky,3.0,-1,Sport,5.11a,1,50,48.63765,-122.34912
"Heart of Stone","(a) Ace of Hearts Wall > (e) Skyline Arete Area > Mount Erie > San Juan, Fidalgo & Whidbey Islands > Northwest Region > Washington",https://www.mountainproject.com/route/123898101/heart-of-stone,2.0,-1,Sport,5.11a,1,35,48.45268,-122.62885
Transvestite,"2. Recess Wall > Prospector Crags > Mazama > Okanogan > Washington",https://www.mountainproject.com/route/123907750/transvestite,3.0,-1,Sport,5.11a,1,90,48.66217,-120.53063
"Big Leaf Drapes","(a) Canopy Crag > Canopy Crag Group > Exit 32; Little Si > North Bend & Vicinity > Central-West Cascades & Seattle > Washington",https://www.mountainproject.com/route/123928052/big-leaf-drapes,1.7,-1,Sport,5.11a,1,25,47.48878,-121.75038
"[E] Tiny Pokey BullS*** Branches","(a) Canopy Crag > Canopy Crag Group > Exit 32; Little Si > North Bend & Vicinity > Central-West Cascades & Seattle > Washington",https://www.mountainproject.com/route/123928078/e-tiny-pokey-bulls-branches,2.4,-1,"Sport, TR",5.11a,1,70,47.48878,-121.75038
"Venusaur and the Razor Leaves","(a) Canopy Crag > Canopy Crag Group > Exit 32; Little Si > North Bend & Vicinity > Central-West Cascades & Seattle > Washington",https://www.mountainproject.com/route/123928309/venusaur-and-the-razor-leaves,2.0,-1,"Sport, TR",5.11a,1,30,47.48878,-121.75038
Mary,"Halloween > Lookout Point Area > Index > Skykomish Valley > Central-West Cascades & Seattle > Washington",https://www.mountainproject.com/route/124172283/mary,3.5,-1,Sport,5.11a,1,90,47.82462,-121.55486
Windfall,"Windfall Wall > Mt Washington > Exit 38 > North Bend & Vicinity > Central-West Cascades & Seattle > Washington",https://www.mountainproject.com/route/124554717/windfall,2.0,-1,Sport,5.11a,1,40,47.44008,-121.67477
"Manic Madness","Second Lobe > Monte Cristo Slab > Southwest Cascades > South-West & Tacoma > Washington",https://www.mountainproject.com/route/124561979/manic-madness,3.0,-1,Sport,5.11a,1,60,45.92436,-121.66382
"[L] Powerless to Complete","Nevermind Wall > Deception Crags > Exit 38 > North Bend & Vicinity > Central-West Cascades & Seattle > Washington",https://www.mountainproject.com/route/124681058/l-powerless-to-complete,2.3,-1,Sport,5.11a,1,50,47.43561,-121.6638
"To All the Girls I’ve Loved Before","Girlfriend Wall > Metaline Falls > Northeast Corner & Spokane > Washington",https://www.mountainproject.com/route/124840677/to-all-the-girls-ive-loved-before,4.0,-1,Sport,5.11a,1,120,48.8679,-117.3752
"There and Back and There and Back and There and Back Again","Helm's Deep > North Bessemer Creek > Bessemer Mountain > Exit 34; Middle Fork & Taylor River > North Bend & Vicinity > Central-West Cascades & Seattle > Washington",https://www.mountainproject.com/route/124998566/there-and-back-and-there-and-back-and-there-and-back-again,2.3,-1,Sport,5.11a,1,50,47.54696,-121.5859
