Route,Location,URL,"Avg Stars","Your Stars","Route Type",Rating,Pitches,Length,"Area Latitude","Area Longitude"
"Southern Exposure","Hobo Jungle > San Francisco Peaks > Flagstaff Area > Northern Arizona > Arizona",https://www.mountainproject.com/route/107673165/southern-exposure,3.1,-1,Sport,5.10,1,70,35.3874,-111.61355
"Off the Couch","North End > Peaks Crag > Peaks Crag > San Francisco Peaks > Flagstaff Area > Northern Arizona > Arizona",https://www.mountainproject.com/route/110535107/off-the-couch,3.0,-1,Sport,5.10,1,70,35.30713,-111.70502
"Virgin's Airline","Forgotten Wall, Control Tower & Up The Creek Wall > 1 -  Lower Highway > Mount Lemmon (Catalina Highway) > Mount Lemmon (Santa Catalina Mountains) > Southern Arizona > Arizona",https://www.mountainproject.com/route/106080211/virgins-airline,3.1,-1,Sport,5.10,1,115,32.35534,-110.71812
"Life By The Drop","Main Wall - North > Isolation Canyon > Central Arizona > Arizona",https://www.mountainproject.com/route/106032060/life-by-the-drop,3.0,-1,Sport,5.10,1,90,34.36086,-111.45007
"If I Only Had a Brain","Wall of the Marching Munchkins > Munchkinland Area > 6 - Mid-Mountain > Mount Lemmon (Catalina Highway) > Mount Lemmon (Santa Catalina Mountains) > Southern Arizona > Arizona",https://www.mountainproject.com/route/105840442/if-i-only-had-a-brain,2.7,-1,Sport,5.10,1,50,32.38886,-110.71688
"Birthday Girl","Anduriel Tower > 3 - Windy Point East > Mount Lemmon (Catalina Highway) > Mount Lemmon (Santa Catalina Mountains) > Southern Arizona > Arizona",https://www.mountainproject.com/route/105837756/birthday-girl,3.0,-1,Sport,5.10,1,70,32.36788,-110.71276
"Gandy Dancer","Hobo Jungle > San Francisco Peaks > Flagstaff Area > Northern Arizona > Arizona",https://www.mountainproject.com/route/107700773/gandy-dancer,2.6,-1,Sport,5.10,1,60,35.3874,-111.61355
"Pathological Optimist","Totem-Proto Area > Lower Devil's Canyon > Queen Creek Canyon > Central Arizona > Arizona",https://www.mountainproject.com/route/107945505/pathological-optimist,3.5,-1,"Trad, Sport",5.10,1,110,33.27587,-111.02832
Jizzneyland,"Trad Rock > Isle of Ewe > West Stronghold > Cochise Stronghold > Southern Arizona > Arizona",https://www.mountainproject.com/route/105738692/jizzneyland,2.5,-1,Sport,5.10,1,90,31.87484,-110.01472
"Thunderbird Arête","Main Wall > Higher Solitude > Solitude Canyon > Mt. Elden Crags > Flagstaff Area > Northern Arizona > Arizona",https://www.mountainproject.com/route/109847053/thunderbird-arete,3.3,-1,Sport,5.10,1,100,35.24103,-111.61823
"Pocket Pulling Pansies","The Pond > Queen Creek Canyon > Central Arizona > Arizona",https://www.mountainproject.com/route/106968168/pocket-pulling-pansies,2.4,-1,Sport,5.10,1,,33.3104,-111.06756
"Two Birds Too Stoned","The Steep > 7 - Upper Highway > Mount Lemmon (Catalina Highway) > Mount Lemmon (Santa Catalina Mountains) > Southern Arizona > Arizona",https://www.mountainproject.com/route/106221657/two-birds-too-stoned,2.6,-1,Sport,5.10,1,,32.41932,-110.75528
"Tour Buses Welcome","The Muttonhead > Sheepshead Area (Southwest) > West Stronghold > Cochise Stronghold > Southern Arizona > Arizona",https://www.mountainproject.com/route/106561673/tour-buses-welcome,2.8,-1,Sport,5.10,4,320,31.87115,-109.99528
"Losers Weepers","Forgotten Wall, Control Tower & Up The Creek Wall > 1 -  Lower Highway > Mount Lemmon (Catalina Highway) > Mount Lemmon (Santa Catalina Mountains) > Southern Arizona > Arizona",https://www.mountainproject.com/route/106080238/losers-weepers,2.6,-1,Sport,5.10,1,100,32.35534,-110.71812
"Middle Earth","Middle Earth > 5 - Windy Ridge > Mount Lemmon (Catalina Highway) > Mount Lemmon (Santa Catalina Mountains) > Southern Arizona > Arizona",https://www.mountainproject.com/route/105847781/middle-earth,2.5,-1,Sport,5.10,1,155,32.3804,-110.70245
"Sky Diamond","Upper Sky Valley > Sky Valley > 6 - Mid-Mountain > Mount Lemmon (Catalina Highway) > Mount Lemmon (Santa Catalina Mountains) > Southern Arizona > Arizona",https://www.mountainproject.com/route/105830228/sky-diamond,2.1,-1,Sport,5.10,1,,32.40294,-110.69481
Silmarillion,"Middle Earth > 5 - Windy Ridge > Mount Lemmon (Catalina Highway) > Mount Lemmon (Santa Catalina Mountains) > Southern Arizona > Arizona",https://www.mountainproject.com/route/106023927/silmarillion,2.6,-1,Sport,5.10,1,150,32.3804,-110.70245
"Old Grey Mare","Anti-Crag > West Clear Creek > Central Mogollon Rim > Northern Arizona > Arizona",https://www.mountainproject.com/route/108914936/old-grey-mare,3.1,-1,Sport,5.10,1,65,34.55031,-111.43053
"Johnny Come Lately","Upper Wall > Raycreation Area > 7 - Upper Highway > Mount Lemmon (Catalina Highway) > Mount Lemmon (Santa Catalina Mountains) > Southern Arizona > Arizona",https://www.mountainproject.com/route/106836805/johnny-come-lately,1.6,-1,Sport,5.10,1,30,32.42467,-110.74639
InstaCool,"(M) The \ Hashtag \ Wall > The Pit (aka Le Petit Verdon) > Flagstaff Area > Northern Arizona > Arizona",https://www.mountainproject.com/route/111792670/instacool,2.5,-1,"Sport, TR",5.10,1,55,35.12944,-111.59645
"If You Bolt It They Will Come","East Face > Raven C > The Ravens > 8 - Summit Crags > Mount Lemmon (Catalina Highway) > Mount Lemmon (Santa Catalina Mountains) > Southern Arizona > Arizona",https://www.mountainproject.com/route/105838616/if-you-bolt-it-they-will-come,3.2,-1,Sport,5.10,1,145,32.43327,-110.79691
"The Creature","South End > Peaks Crag > Peaks Crag > San Francisco Peaks > Flagstaff Area > Northern Arizona > Arizona",https://www.mountainproject.com/route/110520170/the-creature,2.5,-1,Sport,5.10,1,70,35.30643,-111.70566
"Little Trundle Of Joy","Boneyard > 6 - Mid-Mountain > Mount Lemmon (Catalina Highway) > Mount Lemmon (Santa Catalina Mountains) > Southern Arizona > Arizona",https://www.mountainproject.com/route/107669737/little-trundle-of-joy,2.3,-1,Sport,5.10,1,75,32.40369,-110.6965
"Thin Slice aka A Thin Slice of Plum Pie","Right Section > Granite Mountain > **Prescott Area > Central Arizona > Arizona",https://www.mountainproject.com/route/106329218/thin-slice-aka-a-thin-slice-of-plum-pie,3.6,-1,"Trad, Sport",5.10,3,250,34.629,-112.56564
Amazon,"South End > Peaks Crag > Peaks Crag > San Francisco Peaks > Flagstaff Area > Northern Arizona > Arizona",https://www.mountainproject.com/route/110524812/amazon,2.0,-1,Sport,5.10,1,40,35.30643,-111.70566
"Rusty Blade","Main Wall > Higher Solitude > Solitude Canyon > Mt. Elden Crags > Flagstaff Area > Northern Arizona > Arizona",https://www.mountainproject.com/route/109957160/rusty-blade,2.6,-1,Sport,5.10,1,100,35.24103,-111.61823
"The Fire Inside","Upper Sky Valley > Sky Valley > 6 - Mid-Mountain > Mount Lemmon (Catalina Highway) > Mount Lemmon (Santa Catalina Mountains) > Southern Arizona > Arizona",https://www.mountainproject.com/route/105830218/the-fire-inside,2.0,-1,Sport,5.10,1,,32.40294,-110.69481
"Puzzle Pieces","Geronimo Area > Apache Leap > Queen Creek Canyon > Central Arizona > Arizona",https://www.mountainproject.com/route/120382713/puzzle-pieces,4.0,-1,"Sport, TR",5.10,1,150,33.28809,-111.07704
Cornickopia,"5 - Bishop > Chessman Area > 2 - Bear Canyon > Mount Lemmon (Catalina Highway) > Mount Lemmon (Santa Catalina Mountains) > Southern Arizona > Arizona",https://www.mountainproject.com/route/107638192/cornickopia,2.1,-1,Sport,5.10,1,80,32.36032,-110.71983
"Don't Call me Junior!","5 - Whippersnapper Wall > The Farmhouse > Southern Arizona > Arizona",https://www.mountainproject.com/route/119923540/dont-call-me-junior,3.2,-1,Sport,5.10,1,130,31.69331,-110.43068
"Damsels in Distress","Glitter Box Area > Lower Devil's Canyon > Queen Creek Canyon > Central Arizona > Arizona",https://www.mountainproject.com/route/106761156/damsels-in-distress,3.1,-1,"Trad, Sport","5.10 PG13",1,160,33.27681,-111.02935
"Thunder Moon","Main Wall > Higher Solitude > Solitude Canyon > Mt. Elden Crags > Flagstaff Area > Northern Arizona > Arizona",https://www.mountainproject.com/route/110019981/thunder-moon,3.3,-1,Sport,5.10,1,115,35.24103,-111.61823
"Soaked to the Bone","Boneyard > 6 - Mid-Mountain > Mount Lemmon (Catalina Highway) > Mount Lemmon (Santa Catalina Mountains) > Southern Arizona > Arizona",https://www.mountainproject.com/route/111715614/soaked-to-the-bone,2.7,-1,Sport,5.10,1,115,32.40369,-110.6965
"El Alquimista","Southern Wall > Christopher Creek Gorge > Central Arizona > Arizona",https://www.mountainproject.com/route/120818372/el-alquimista,3.2,-1,Sport,5.10,1,90,34.31126,-111.06571
"Flash Flood","Welcome Wash > Five Mile Draw > Central Arizona > Arizona",https://www.mountainproject.com/route/114012043/flash-flood,3.7,-1,Sport,5.10,1,60,34.59162,-110.08354
"The Altar of Impermanence","The Sundial > Superstition Mountains > **Phoenix Areas > Central Arizona > Arizona",https://www.mountainproject.com/route/120121786/the-altar-of-impermanence,3.5,-1,Sport,5.10,2,110,33.41852,-111.35692
"Totem Pole Direct","Totem-Proto Area > Lower Devil's Canyon > Queen Creek Canyon > Central Arizona > Arizona",https://www.mountainproject.com/route/107968427/totem-pole-direct,3.0,-1,Sport,5.10,1,70,33.27587,-111.02832
"Climb It, Change Sides","Upper Sky Valley > Sky Valley > 6 - Mid-Mountain > Mount Lemmon (Catalina Highway) > Mount Lemmon (Santa Catalina Mountains) > Southern Arizona > Arizona",https://www.mountainproject.com/route/111852536/climb-it-change-sides,2.2,-1,Sport,5.10,1,50,32.40294,-110.69481
"One Beer","Redbud Canyon > Lime Kiln Canyon > The Arizona Strip > Northern Arizona > Arizona",https://www.mountainproject.com/route/118046688/one-beer,3.3,-1,Sport,5.10,1,100,36.6573,-114.00503
"Deft Leopard","Players Club > Crags Against Humanity > 1 -  Lower Highway > Mount Lemmon (Catalina Highway) > Mount Lemmon (Santa Catalina Mountains) > Southern Arizona > Arizona",https://www.mountainproject.com/route/118734692/deft-leopard,2.4,-1,Sport,5.10,1,60,32.32442,-110.7072
"Rocket Man","Wind Wall > 3 - Windy Point East > Mount Lemmon (Catalina Highway) > Mount Lemmon (Santa Catalina Mountains) > Southern Arizona > Arizona",https://www.mountainproject.com/route/105929677/rocket-man,2.7,-1,"Trad, Sport, TR",5.10,1,80,32.36721,-110.7149
"The Twinkie","Ultimates East > The Ultimates > Upper Pumphouse Wash > Flagstaff Area > Northern Arizona > Arizona",https://www.mountainproject.com/route/119752755/the-twinkie,2.7,-1,Sport,5.10,1,50,35.03442,-111.71469
"Bop Til You Drop","Rupley Towers > 3 - Windy Point East > Mount Lemmon (Catalina Highway) > Mount Lemmon (Santa Catalina Mountains) > Southern Arizona > Arizona",https://www.mountainproject.com/route/105921348/bop-til-you-drop,2.5,-1,"Trad, Sport","5.10 R",2,140,32.36736,-110.71377
Foreclosure,"The Tool Shed > Tanque Verde Canyon > Southern Arizona > Arizona",https://www.mountainproject.com/route/108074533/foreclosure,2.2,-1,Sport,5.10,1,40,32.25743,-110.64944
"Clean Bean","The Joint > Stewart Pocket > Central Arizona > Arizona",https://www.mountainproject.com/route/112439274/clean-bean,3.0,-1,Sport,5.10,1,65,34.22415,-111.27374
"Lord Fowelsbain","West Face > The Druid > 6 - Mid-Mountain > Mount Lemmon (Catalina Highway) > Mount Lemmon (Santa Catalina Mountains) > Southern Arizona > Arizona",https://www.mountainproject.com/route/105841639/lord-fowelsbain,2.6,-1,Sport,5.10,1,,32.40573,-110.72538
"Aloof Roof","Confluence Wall > Christopher Creek Gorge > Central Arizona > Arizona",https://www.mountainproject.com/route/119534734/aloof-roof,3.0,-1,"Sport, TR",5.10,1,80,34.31205,-111.0664
"Pixie Bell","Southern Wall > Christopher Creek Gorge > Central Arizona > Arizona",https://www.mountainproject.com/route/120904216/pixie-bell,3.0,-1,Sport,5.10,1,60,34.31126,-111.06571
"DB Special","Beale St West > Beale St Wall > Kingman Area > Northern Arizona > Arizona",https://www.mountainproject.com/route/118751708/db-special,3.3,-1,"Sport, TR",5.10,1,45,35.20513,-114.08633
"Stairway to Heaven","Heaven's Gate > The Refuge > Lower Devil's Canyon > Queen Creek Canyon > Central Arizona > Arizona",https://www.mountainproject.com/route/107448076/stairway-to-heaven,3.2,-1,"Trad, Sport",5.10,1,100,33.2728,-111.0475
"Nurse Ratchet","Upper Beach > The Beach Areas > West Twin Butte > Twin Butte > Sedona > Sedona Area > Northern Arizona > Arizona",https://www.mountainproject.com/route/106995470/nurse-ratchet,2.6,-1,Sport,5.10,1,60,34.8346,-111.7666
"Cat Mantle, Dude","Catalina Dome > Mount Lemmon (Santa Catalina Mountains) > Southern Arizona > Arizona",https://www.mountainproject.com/route/121149703/cat-mantle-dude,3.2,-1,Sport,5.10,1,90,32.50483,-110.85308
"Water Wait","Kitty Pool > Atlantis > Queen Creek Canyon > Central Arizona > Arizona",https://www.mountainproject.com/route/118905856/water-wait,2.3,-1,Sport,5.10,1,40,33.30559,-111.07749
"The Warden","The Pond > Queen Creek Canyon > Central Arizona > Arizona",https://www.mountainproject.com/route/108899722/the-warden,2.1,-1,Sport,5.10,1,50,33.3104,-111.06756
"Sitting Duck","(B) The Shooting Gallery > The Pit (aka Le Petit Verdon) > Flagstaff Area > Northern Arizona > Arizona",https://www.mountainproject.com/route/119566686/sitting-duck,2.4,-1,Sport,5.10,1,50,35.12935,-111.59834
"You Will Respect My Authoriti","South Park > 7 - Upper Highway > Mount Lemmon (Catalina Highway) > Mount Lemmon (Santa Catalina Mountains) > Southern Arizona > Arizona",https://www.mountainproject.com/route/105987494/you-will-respect-my-authoriti,2.0,-1,Sport,5.10,1,,32.4514,-110.7914
[Redacted],"Incinerated Ridge > Outcroppings > 6 - Mid-Mountain > Mount Lemmon (Catalina Highway) > Mount Lemmon (Santa Catalina Mountains) > Southern Arizona > Arizona",https://www.mountainproject.com/route/106227756/redacted,2.2,-1,Sport,5.10,1,55,32.39994,-110.71588
"Bucking the Sun","6. Memorial Wall > South Side > Volunteer Canyon (The Cwm) > Sycamore Canyon > Northern Arizona > Arizona",https://www.mountainproject.com/route/113559154/bucking-the-sun,2.6,-1,Sport,5.10,1,75,35.11877,-111.93581
"Endres Game","Southern Wall > Christopher Creek Gorge > Central Arizona > Arizona",https://www.mountainproject.com/route/120798086/endres-game,3.1,-1,Sport,5.10,1,40,34.31126,-111.06571
Matterhorness,"Cave Wall > Outcroppings > 6 - Mid-Mountain > Mount Lemmon (Catalina Highway) > Mount Lemmon (Santa Catalina Mountains) > Southern Arizona > Arizona",https://www.mountainproject.com/route/106226879/matterhorness,2.5,-1,Sport,5.10,1,75,32.40027,-110.71542
"Thing Two","Tower Station > Upper Middle Elden Canyon > Middle Elden Canyon > Mt. Elden Crags > Flagstaff Area > Northern Arizona > Arizona",https://www.mountainproject.com/route/116118024/thing-two,3.0,-1,Sport,5.10,2,100,35.23356,-111.60167
"Little Jugger Left","North End > Peaks Crag > Peaks Crag > San Francisco Peaks > Flagstaff Area > Northern Arizona > Arizona",https://www.mountainproject.com/route/110524590/little-jugger-left,1.6,-1,Sport,5.10,1,30,35.30713,-111.70502
"Hall of Mirrors","1. The Grotto > Southern Walls > Peaks Crag > San Francisco Peaks > Flagstaff Area > Northern Arizona > Arizona",https://www.mountainproject.com/route/110520022/hall-of-mirrors,2.9,-1,Sport,5.10,1,50,35.30625,-111.70583
"Cheeto Dog","Workman Falls > Central Arizona > Arizona",https://www.mountainproject.com/route/119018408/cheeto-dog,3.0,-1,Sport,5.10,1,90,33.81839,-110.93062
Dustdevils,"Westworld Dome > West Stronghold > Cochise Stronghold > Southern Arizona > Arizona",https://www.mountainproject.com/route/105821813/dustdevils,2.5,-1,"Trad, Sport",5.10,4,500,31.93522,-109.99091
"Bobby Fissure","2 - King > Chessman Area > 2 - Bear Canyon > Mount Lemmon (Catalina Highway) > Mount Lemmon (Santa Catalina Mountains) > Southern Arizona > Arizona",https://www.mountainproject.com/route/107995328/bobby-fissure,2.6,-1,"Trad, Sport",5.10,1,60,32.36032,-110.71983
"Got My Mojo Workin","Players Club > Crags Against Humanity > 1 -  Lower Highway > Mount Lemmon (Catalina Highway) > Mount Lemmon (Santa Catalina Mountains) > Southern Arizona > Arizona",https://www.mountainproject.com/route/116995557/got-my-mojo-workin,2.0,-1,Sport,5.10,1,42,32.32442,-110.7072
"Forced Stress","Southeast Face > The Fortress > 8 - Summit Crags > Mount Lemmon (Catalina Highway) > Mount Lemmon (Santa Catalina Mountains) > Southern Arizona > Arizona",https://www.mountainproject.com/route/107259010/forced-stress,3.0,-1,Sport,5.10,2,220,32.43213,-110.79756
"Secret Garden","The Carnal Caves > Secret Canyon > Mt. Elden Crags > Flagstaff Area > Northern Arizona > Arizona",https://www.mountainproject.com/route/108138708/secret-garden,3.0,-1,Sport,5.10,1,90,35.2464,-111.58659
"Bat & the Scorpion","4. Deep South > Southern Walls > Peaks Crag > San Francisco Peaks > Flagstaff Area > Northern Arizona > Arizona",https://www.mountainproject.com/route/110531222/bat-the-scorpion,3.0,-1,Sport,5.10,1,50,35.30568,-111.70602
"Pain & A Dirty Glass","IreIand Main Wall > Ireland > 7 - Upper Highway > Mount Lemmon (Catalina Highway) > Mount Lemmon (Santa Catalina Mountains) > Southern Arizona > Arizona",https://www.mountainproject.com/route/108283651/pain-a-dirty-glass,2.0,-1,Sport,5.10,1,30,32.42133,-110.74968
"Jim's Route","Hearthstone > 2 - Bear Canyon > Mount Lemmon (Catalina Highway) > Mount Lemmon (Santa Catalina Mountains) > Southern Arizona > Arizona",https://www.mountainproject.com/route/107310155/jims-route,2.8,-1,"Trad, Sport",5.10,1,90,32.36752,-110.70379
"El Toro","Bob Ross Wall > Wildlife Canyon (Closures in Effect) > South Mountain > **Phoenix Areas > Central Arizona > Arizona",https://www.mountainproject.com/route/121834274/el-toro,3.3,-1,Sport,5.10,1,25,33.34213,-112.07597
"Gluten Intolerance","Atlantis South Side > Atlantis > Queen Creek Canyon > Central Arizona > Arizona",https://www.mountainproject.com/route/118838404/gluten-intolerance,2.5,-1,Sport,"5.10 PG13",1,40,33.30561,-111.07634
"Triple E","Finland Terrace > The Homestead > Central Arizona > Arizona",https://www.mountainproject.com/route/106676321/triple-e,2.3,-1,Sport,5.10,1,80,33.17507,-110.78122
"Bumping Gums","The Godfather Area > Upper Middle Elden Canyon > Middle Elden Canyon > Mt. Elden Crags > Flagstaff Area > Northern Arizona > Arizona",https://www.mountainproject.com/route/116099173/bumping-gums,3.3,-1,Sport,5.10,1,70,35.23316,-111.6017
"The Mayor of Ghost Town","Ghost Town > San Francisco Peaks > Flagstaff Area > Northern Arizona > Arizona",https://www.mountainproject.com/route/112115775/the-mayor-of-ghost-town,3.0,-1,Sport,5.10,1,70,35.32928,-111.62074
"Spaceman Spiff","Wind Wall > 3 - Windy Point East > Mount Lemmon (Catalina Highway) > Mount Lemmon (Santa Catalina Mountains) > Southern Arizona > Arizona",https://www.mountainproject.com/route/105929682/spaceman-spiff,2.5,-1,"Trad, Sport, TR",5.10,1,80,32.36721,-110.7149
"Fear of Frying","Ripple Wall > 2 - Bear Canyon > Mount Lemmon (Catalina Highway) > Mount Lemmon (Santa Catalina Mountains) > Southern Arizona > Arizona",https://www.mountainproject.com/route/105936598/fear-of-frying,2.5,-1,Sport,5.10,1,85,32.37715,-110.6956
"Free Flight","The Roost Area > Raptor Ridge > The Refuge > Lower Devil's Canyon > Queen Creek Canyon > Central Arizona > Arizona",https://www.mountainproject.com/route/108716905/free-flight,3.0,-1,"Trad, Sport",5.10,1,60,33.27133,-111.04627
Ursula,"Octopus's Garden > Midgley Bridge Area > Sedona > Sedona Area > Northern Arizona > Arizona",https://www.mountainproject.com/route/121897406/ursula,2.5,-1,Sport,5.10,1,70,34.88787,-111.75091
"Inside Track","Continuum Crag > Spectrum Crags > 7 - Upper Highway > Mount Lemmon (Catalina Highway) > Mount Lemmon (Santa Catalina Mountains) > Southern Arizona > Arizona",https://www.mountainproject.com/route/110508549/inside-track,2.7,-1,Sport,5.10,1,45,32.41767,-110.74981
"The High Road","Upper Tier > Crossroads Wall (AKA Parking Lot Wall) > McDowell Mountains > **Phoenix Areas > Central Arizona > Arizona",https://www.mountainproject.com/route/117669403/the-high-road,3.0,-1,"Sport, TR",5.10,1,45,33.6807,-111.80956
"Lean On Me","Solitude Wall > Solitude Canyon > Mt. Elden Crags > Flagstaff Area > Northern Arizona > Arizona",https://www.mountainproject.com/route/121125084/lean-on-me,3.0,-1,Sport,5.10,1,50,35.23893,-111.62114
"Not Royal’s Problem","The Prow Area > Black Mountains - Golden Valley > Kingman Area > Northern Arizona > Arizona",https://www.mountainproject.com/route/115123316/not-royals-problem,2.8,-1,"Sport, TR",5.10,1,46,35.1608,-114.32884
"guinea Pig","Salome > Central Arizona > Arizona",https://www.mountainproject.com/route/108541281/guinea-pig,3.0,-1,Sport,5.10,1,60,33.8488,-113.68882
"Tucson Goes to New York","Sandwich Spire East Face > Agave Spires Area > 2 - Bear Canyon > Mount Lemmon (Catalina Highway) > Mount Lemmon (Santa Catalina Mountains) > Southern Arizona > Arizona",https://www.mountainproject.com/route/107853382/tucson-goes-to-new-york,3.0,-1,Sport,5.10,1,80,32.36502,-110.71828
Noodler,"North Fin > 4 - Windy Point West > Mount Lemmon (Catalina Highway) > Mount Lemmon (Santa Catalina Mountains) > Southern Arizona > Arizona",https://www.mountainproject.com/route/107830280/noodler,2.4,-1,Sport,5.10,1,75,32.36755,-110.71953
"Target Practice","Thirteen Mile Rock > Central Mogollon Rim > Northern Arizona > Arizona",https://www.mountainproject.com/route/121050557/target-practice,2.8,-1,Sport,5.10,1,,34.50376,-111.67743
"Captain Caution","Beale St East > Beale St Wall > Kingman Area > Northern Arizona > Arizona",https://www.mountainproject.com/route/118751870/captain-caution,2.6,-1,"Sport, TR",5.10,1,45,35.20513,-114.08628
"Tenderfoots Nightmare","Boyscout Wall > 6 - Mid-Mountain > Mount Lemmon (Catalina Highway) > Mount Lemmon (Santa Catalina Mountains) > Southern Arizona > Arizona",https://www.mountainproject.com/route/107862408/tenderfoots-nightmare,2.2,-1,Sport,5.10,1,105,32.40356,-110.71275
"Have You Seen It?","The Muttonhead > Sheepshead Area (Southwest) > West Stronghold > Cochise Stronghold > Southern Arizona > Arizona",https://www.mountainproject.com/route/106951393/have-you-seen-it,2.3,-1,Sport,5.10,2,260,31.87115,-109.99528
"Kopytem Sem Kopytem Tam (Hoof here, Hoof there)","The Mustang > Southern Arizona > Arizona",https://www.mountainproject.com/route/105903733/kopytem-sem-kopytem-tam-hoof-here-hoof-there,2.6,-1,Sport,5.10,1,100,31.694,-110.4713
"Animal Husbandry","The Sheepshead > Sheepshead Area (Southwest) > West Stronghold > Cochise Stronghold > Southern Arizona > Arizona",https://www.mountainproject.com/route/108384689/animal-husbandry,2.5,-1,Sport,5.10,2,,31.87031,-109.99388
"Funky Noises","Boot Hill > 1 -  Lower Highway > Mount Lemmon (Catalina Highway) > Mount Lemmon (Santa Catalina Mountains) > Southern Arizona > Arizona",https://www.mountainproject.com/route/106064991/funky-noises,1.6,-1,Sport,5.10,1,40,32.33319,-110.71853
"More Than A Handful","Rollinstone > 2 - Bear Canyon > Mount Lemmon (Catalina Highway) > Mount Lemmon (Santa Catalina Mountains) > Southern Arizona > Arizona",https://www.mountainproject.com/route/106124761/more-than-a-handful,2.0,-1,Sport,5.10,1,60,32.3705,-110.70796
"Harry Tuber's Big ""O""","Upper Looner Land > The Mine Area > Queen Creek Canyon > Central Arizona > Arizona",https://www.mountainproject.com/route/107490225/harry-tubers-big-o,2.5,-1,Sport,5.10,1,50,33.29996,-111.07183
"Scooby Doobie","Lost Hawk > 2 - Bear Canyon > Mount Lemmon (Catalina Highway) > Mount Lemmon (Santa Catalina Mountains) > Southern Arizona > Arizona",https://www.mountainproject.com/route/106405681/scooby-doobie,1.9,-1,Sport,5.10,1,55,32.3704,-110.70788
"Girl Scout","Boyscout Wall > 6 - Mid-Mountain > Mount Lemmon (Catalina Highway) > Mount Lemmon (Santa Catalina Mountains) > Southern Arizona > Arizona",https://www.mountainproject.com/route/108143379/girl-scout,2.1,-1,Sport,5.10,1,90,32.40356,-110.71275
Centipede,"Lower Religion Wall > Church Wall and Religion Wall > Church Spires Area > East Twin Butte > Twin Butte > Sedona > Sedona Area > Northern Arizona > Arizona",https://www.mountainproject.com/route/105814717/centipede,2.3,-1,Sport,5.10,1,70,34.83144,-111.75866
Greenhorn,"Green Acres (North Face) > Green Slabs Area > 2 - Bear Canyon > Mount Lemmon (Catalina Highway) > Mount Lemmon (Santa Catalina Mountains) > Southern Arizona > Arizona",https://www.mountainproject.com/route/105826401/greenhorn,2.3,-1,Sport,5.10,1,50,32.36252,-110.71352
"Texas Duo","Road Area > Lower Devil's Canyon > Queen Creek Canyon > Central Arizona > Arizona",https://www.mountainproject.com/route/106074410/texas-duo,2.4,-1,Sport,5.10,1,110,33.27691,-111.03244
"Oregon Trail","The Ruins > 1 -  Lower Highway > Mount Lemmon (Catalina Highway) > Mount Lemmon (Santa Catalina Mountains) > Southern Arizona > Arizona",https://www.mountainproject.com/route/106998094/oregon-trail,1.6,-1,Sport,5.10,1,35,32.32318,-110.69297
"Hornass Nest","Cave Wall > Outcroppings > 6 - Mid-Mountain > Mount Lemmon (Catalina Highway) > Mount Lemmon (Santa Catalina Mountains) > Southern Arizona > Arizona",https://www.mountainproject.com/route/106226677/hornass-nest,2.1,-1,Sport,5.10,1,75,32.40027,-110.71542
"I'm Melting","Wall of the Waltzing Witches > Munchkinland Area > 6 - Mid-Mountain > Mount Lemmon (Catalina Highway) > Mount Lemmon (Santa Catalina Mountains) > Southern Arizona > Arizona",https://www.mountainproject.com/route/105884026/im-melting,1.7,-1,Sport,5.10,1,,32.38823,-110.71667
"Hobo Sapien","Delta Dome > 7 - Upper Highway > Mount Lemmon (Catalina Highway) > Mount Lemmon (Santa Catalina Mountains) > Southern Arizona > Arizona",https://www.mountainproject.com/route/109221571/hobo-sapien,1.9,-1,Sport,5.10,1,70,32.41849,-110.7529
"Pit Pig","(M) The \ Hashtag \ Wall > The Pit (aka Le Petit Verdon) > Flagstaff Area > Northern Arizona > Arizona",https://www.mountainproject.com/route/111792716/pit-pig,2.0,-1,"Sport, TR",5.10,1,55,35.12944,-111.59645
"Mauled by Jesus","Peanut Butter Cabal Wall > The Biscuit > Southern Arizona > Arizona",https://www.mountainproject.com/route/116378666/mauled-by-jesus,2.4,-1,Sport,5.10,1,,31.70898,-110.49397
"As You Like It","Southeast Face > The Fortress > 8 - Summit Crags > Mount Lemmon (Catalina Highway) > Mount Lemmon (Santa Catalina Mountains) > Southern Arizona > Arizona",https://www.mountainproject.com/route/105842261/as-you-like-it,2.3,-1,Sport,"5.10 PG13",3,475,32.43213,-110.79756
"Conveyor Belt to Conformity","Conformity Wall > Boynton Canyon > Dry Creek Road Area > West Sedona > Sedona Area > Northern Arizona > Arizona",https://www.mountainproject.com/route/118188138/conveyor-belt-to-conformity,2.3,-1,Sport,5.10,15,1085,34.92027,-111.84194
"Brownie Redpoints","Boyscout Wall > 6 - Mid-Mountain > Mount Lemmon (Catalina Highway) > Mount Lemmon (Santa Catalina Mountains) > Southern Arizona > Arizona",https://www.mountainproject.com/route/107920606/brownie-redpoints,2.1,-1,Sport,5.10,1,100,32.40356,-110.71275
"Public Enemy","IreIand Main Wall > Ireland > 7 - Upper Highway > Mount Lemmon (Catalina Highway) > Mount Lemmon (Santa Catalina Mountains) > Southern Arizona > Arizona",https://www.mountainproject.com/route/108283639/public-enemy,1.6,-1,Sport,5.10,1,30,32.42133,-110.74968
Threshold,"Wind Wall > 3 - Windy Point East > Mount Lemmon (Catalina Highway) > Mount Lemmon (Santa Catalina Mountains) > Southern Arizona > Arizona",https://www.mountainproject.com/route/106580551/threshold,2.3,-1,"Trad, Sport, TR",5.10,1,50,32.36721,-110.7149
"Hot Dog","Lobo Wall > Canines, Lobo, & Kennel Wall > 3 - Windy Point East > Mount Lemmon (Catalina Highway) > Mount Lemmon (Santa Catalina Mountains) > Southern Arizona > Arizona",https://www.mountainproject.com/route/107672439/hot-dog,1.9,-1,Sport,5.10,1,,32.36786,-110.71241
"Rocka Rolla","1-Upper Wall > Palisade Park > 6 - Mid-Mountain > Mount Lemmon (Catalina Highway) > Mount Lemmon (Santa Catalina Mountains) > Southern Arizona > Arizona",https://www.mountainproject.com/route/121622249/rocka-rolla,2.1,-1,Sport,5.10,1,45,32.4122,-110.7179
"The Chase","Southern Wall > Christopher Creek Gorge > Central Arizona > Arizona",https://www.mountainproject.com/route/120818503/the-chase,2.5,-1,Sport,5.10,1,60,34.31126,-111.06571
"Jug Haul","Tombstone > Stewart Pocket > Central Arizona > Arizona",https://www.mountainproject.com/route/121819275/jug-haul,2.7,-1,Sport,5.10,1,40,34.22232,-111.259
Unknown,"Tollgate Pass East > Tollgate Pass > Black Hills > Southern Arizona > Arizona",https://www.mountainproject.com/route/108277921/unknown,2.5,-1,Sport,5.10,1,40,32.84374,-109.39844
"Beak n Chains","The Roost Area > Raptor Ridge > The Refuge > Lower Devil's Canyon > Queen Creek Canyon > Central Arizona > Arizona",https://www.mountainproject.com/route/108718853/beak-n-chains,2.5,-1,Sport,5.10,1,70,33.27133,-111.04627
"Miss Adventure","Anduriel Tower > 3 - Windy Point East > Mount Lemmon (Catalina Highway) > Mount Lemmon (Santa Catalina Mountains) > Southern Arizona > Arizona",https://www.mountainproject.com/route/106138057/miss-adventure,1.6,-1,Sport,5.10,1,75,32.36788,-110.71276
"The Lineup","The Surf > Muscle Beach > Oak Creek Canyon > Northern Arizona > Arizona",https://www.mountainproject.com/route/113955079/the-lineup,2.1,-1,Sport,5.10,1,35,34.89108,-111.73284
"Car Bomb","Boot Hill > 1 -  Lower Highway > Mount Lemmon (Catalina Highway) > Mount Lemmon (Santa Catalina Mountains) > Southern Arizona > Arizona",https://www.mountainproject.com/route/106703026/car-bomb,2.0,-1,Sport,5.10,1,35,32.33319,-110.71853
"Elacca Drug","Aegir > Reef of Rocks > 7 - Upper Highway > Mount Lemmon (Catalina Highway) > Mount Lemmon (Santa Catalina Mountains) > Southern Arizona > Arizona",https://www.mountainproject.com/route/106921418/elacca-drug,2.1,-1,Sport,5.10,1,110,32.45988,-110.78488
"Killer of Enemies","Lower Wall > Exit Gorge > Christopher Creek Gorge > Central Arizona > Arizona",https://www.mountainproject.com/route/122141841/killer-of-enemies,2.5,-1,Sport,5.10,1,90,34.31313,-111.0658
"Layed to Rest","Boneyard > 6 - Mid-Mountain > Mount Lemmon (Catalina Highway) > Mount Lemmon (Santa Catalina Mountains) > Southern Arizona > Arizona",https://www.mountainproject.com/route/107329301/layed-to-rest,2.1,-1,Sport,5.10,1,60,32.40369,-110.6965
Euro-lite,"Sun Spot Crags > 1 -  Lower Highway > Mount Lemmon (Catalina Highway) > Mount Lemmon (Santa Catalina Mountains) > Southern Arizona > Arizona",https://www.mountainproject.com/route/105804315/euro-lite,1.8,-1,Sport,5.10,1,60,32.34035,-110.68889
"New Safari","The Mustang > Southern Arizona > Arizona",https://www.mountainproject.com/route/105915938/new-safari,2.5,-1,Sport,5.10,2,170,31.694,-110.4713
"Chicken Hawk","Hawk Rock > 4 - Windy Point West > Mount Lemmon (Catalina Highway) > Mount Lemmon (Santa Catalina Mountains) > Southern Arizona > Arizona",https://www.mountainproject.com/route/108173391/chicken-hawk,2.3,-1,Sport,5.10,1,30,32.36916,-110.71862
"Crystal Magic","Stupa Crag > Chimney Rock Area > West Sedona > Sedona Area > Northern Arizona > Arizona",https://www.mountainproject.com/route/123387574/crystal-magic,2.4,-1,Sport,5.10,1,75,34.87438,-111.81231
"Happily Never After","Rapunzel's Tower > The Nursery > 2 - Bear Canyon > Mount Lemmon (Catalina Highway) > Mount Lemmon (Santa Catalina Mountains) > Southern Arizona > Arizona",https://www.mountainproject.com/route/106674267/happily-never-after,2.2,-1,"Trad, Sport",5.10,1,50,32.36348,-110.7138
"Pitched Battle","Southeast Face > The Fortress > 8 - Summit Crags > Mount Lemmon (Catalina Highway) > Mount Lemmon (Santa Catalina Mountains) > Southern Arizona > Arizona",https://www.mountainproject.com/route/106879852/pitched-battle,2.3,-1,"Trad, Sport",5.10,4,350,32.43213,-110.79756
"Pissed off Mofo","Cave Wall > Outcroppings > 6 - Mid-Mountain > Mount Lemmon (Catalina Highway) > Mount Lemmon (Santa Catalina Mountains) > Southern Arizona > Arizona",https://www.mountainproject.com/route/106226667/pissed-off-mofo,2.0,-1,Sport,5.10,1,70,32.40027,-110.71542
"The Big Apple","Sandwich Spire West Face (New York Deli Wall) > Agave Spires Area > 2 - Bear Canyon > Mount Lemmon (Catalina Highway) > Mount Lemmon (Santa Catalina Mountains) > Southern Arizona > Arizona",https://www.mountainproject.com/route/107853283/the-big-apple,2.3,-1,Sport,5.10,1,80,32.36491,-110.71847
"Cloud Man Got Angry","West Face/ Southwest Arete > Baboquivari Peak > Southern Arizona > Arizona",https://www.mountainproject.com/route/107107070/cloud-man-got-angry,2.0,-1,"Trad, Sport",5.10,8,1000,31.77063,-111.59773
"Senior Patrol  Leader","Boyscout Wall > 6 - Mid-Mountain > Mount Lemmon (Catalina Highway) > Mount Lemmon (Santa Catalina Mountains) > Southern Arizona > Arizona",https://www.mountainproject.com/route/107920637/senior-patrol-leader,1.9,-1,Sport,5.10,1,100,32.40356,-110.71275
"The Rest of the Story","Naiche's Nest > West Stronghold > Cochise Stronghold > Southern Arizona > Arizona",https://www.mountainproject.com/route/106954394/the-rest-of-the-story,2.0,-1,"Sport, TR",5.10,1,30,31.8756,-110.0164
"Primal Sledge","The Ruins > 1 -  Lower Highway > Mount Lemmon (Catalina Highway) > Mount Lemmon (Santa Catalina Mountains) > Southern Arizona > Arizona",https://www.mountainproject.com/route/106095923/primal-sledge,1.6,-1,Sport,5.10,1,60,32.32318,-110.69297
"Twistin' Off","Sunnyside > La Milagrosa Canyon > Southern Arizona > Arizona",https://www.mountainproject.com/route/107944511/twistin-off,1.6,-1,Sport,5.10,1,60,32.30021,-110.71143
"Auntie Social","K12 > School of Rock > 5 - Windy Ridge > Mount Lemmon (Catalina Highway) > Mount Lemmon (Santa Catalina Mountains) > Southern Arizona > Arizona",https://www.mountainproject.com/route/116082061/auntie-social,1.9,-1,Sport,5.10,1,45,32.37462,-110.70508
"Swallow the Tiger","6 - Swallow Wall > The Dry Canyon > Southern Arizona > Arizona",https://www.mountainproject.com/route/106559361/swallow-the-tiger,1.8,-1,Sport,5.10,1,60,31.7862,-110.40666
"Coyote Business","Ribbit Wall > 3 - Windy Point East > Mount Lemmon (Catalina Highway) > Mount Lemmon (Santa Catalina Mountains) > Southern Arizona > Arizona",https://www.mountainproject.com/route/106047815/coyote-business,1.9,-1,Sport,5.10,1,60,32.36722,-110.71448
"Bierhenkels For Bazzi's","Canines Wall > Canines, Lobo, & Kennel Wall > 3 - Windy Point East > Mount Lemmon (Catalina Highway) > Mount Lemmon (Santa Catalina Mountains) > Southern Arizona > Arizona",https://www.mountainproject.com/route/105838819/bierhenkels-for-bazzis,1.6,-1,Sport,5.10,1,30,32.36786,-110.71241
"Omission Statement","Forgotten Wall, Control Tower & Up The Creek Wall > 1 -  Lower Highway > Mount Lemmon (Catalina Highway) > Mount Lemmon (Santa Catalina Mountains) > Southern Arizona > Arizona",https://www.mountainproject.com/route/106080345/omission-statement,1.6,-1,Sport,5.10,1,60,32.35534,-110.71812
"Prince Brushing","Boneyard > 6 - Mid-Mountain > Mount Lemmon (Catalina Highway) > Mount Lemmon (Santa Catalina Mountains) > Southern Arizona > Arizona",https://www.mountainproject.com/route/107164619/prince-brushing,1.5,-1,Sport,5.10,1,110,32.40369,-110.6965
"Gray Wails","Lower Crag > Over The Hill > 2 - Bear Canyon > Mount Lemmon (Catalina Highway) > Mount Lemmon (Santa Catalina Mountains) > Southern Arizona > Arizona",https://www.mountainproject.com/route/120314400/gray-wails,2.0,-1,Sport,5.10,1,55,32.37226,-110.70087
"Too Far from the Car","Tiny Town > Upper Middle Elden Canyon > Middle Elden Canyon > Mt. Elden Crags > Flagstaff Area > Northern Arizona > Arizona",https://www.mountainproject.com/route/116101973/too-far-from-the-car,2.0,-1,Sport,5.10,1,40,35.23543,-111.60174
"Double Feature","Echo > 7 - Upper Highway > Mount Lemmon (Catalina Highway) > Mount Lemmon (Santa Catalina Mountains) > Southern Arizona > Arizona",https://www.mountainproject.com/route/120118688/double-feature,2.0,-1,Sport,5.10,1,40,32.42192,-110.75379
"Hairline Fracture","Boneyard > 6 - Mid-Mountain > Mount Lemmon (Catalina Highway) > Mount Lemmon (Santa Catalina Mountains) > Southern Arizona > Arizona",https://www.mountainproject.com/route/122791157/hairline-fracture,2.0,-1,Sport,5.10,1,80,32.40369,-110.6965
"brighter than creation,s dark","The Rockin Roll Wall.. > The Homestead > Central Arizona > Arizona",https://www.mountainproject.com/route/107177316/brighter-than-creations-dark,2.0,-1,Sport,5.10,1,40,33.17723,-110.77843
"Moon Landing","Hobo House > Papago Park > **Phoenix Areas > Central Arizona > Arizona",https://www.mountainproject.com/route/116735934/moon-landing,2.0,-1,Sport,5.10,1,60,33.43794,-111.93211
"At the queens pleasure","2 - King > Chessman Area > 2 - Bear Canyon > Mount Lemmon (Catalina Highway) > Mount Lemmon (Santa Catalina Mountains) > Southern Arizona > Arizona",https://www.mountainproject.com/route/112416196/at-the-queens-pleasure,1.8,-1,Sport,5.10,1,50,32.36032,-110.71983
"Hook Me Up","(A) Nose Rock > The Pit (aka Le Petit Verdon) > Flagstaff Area > Northern Arizona > Arizona",https://www.mountainproject.com/route/106959879/hook-me-up,1.8,-1,Sport,5.10,1,35,35.12957,-111.59894
"Roller Coaster","1-Upper Wall > Palisade Park > 6 - Mid-Mountain > Mount Lemmon (Catalina Highway) > Mount Lemmon (Santa Catalina Mountains) > Southern Arizona > Arizona",https://www.mountainproject.com/route/122637951/roller-coaster,1.7,-1,Sport,5.10,1,40,32.4122,-110.7179
"Battling Fear","Gardener's Wall > McDowell Mountains > **Phoenix Areas > Central Arizona > Arizona",https://www.mountainproject.com/route/118141338/battling-fear,2.0,-1,Sport,5.10,2,200,33.68178,-111.80737
"Lefty Loosey Orange Juicy","Fire Wall > Oak Creek Canyon > Northern Arizona > Arizona",https://www.mountainproject.com/route/120285143/lefty-loosey-orange-juicy,2.5,-1,Sport,5.10,1,30,34.87258,-111.7531
Unknown,"Myth Wall > The Labyrinth > Superstition Mountains > **Phoenix Areas > Central Arizona > Arizona",https://www.mountainproject.com/route/118262644/unknown,2.0,-1,Sport,5.10,1,77,33.41155,-111.35051
"Button Man","The Godfather Area > Upper Middle Elden Canyon > Middle Elden Canyon > Mt. Elden Crags > Flagstaff Area > Northern Arizona > Arizona",https://www.mountainproject.com/route/116099588/button-man,2.0,-1,Sport,5.10,1,50,35.23316,-111.6017
"Cash Cow","Finland Terrace > The Homestead > Central Arizona > Arizona",https://www.mountainproject.com/route/118253102/cash-cow,2.0,-1,Sport,5.10,1,50,33.17507,-110.78122
Chokonen,"Worm Dome and Murray Canyon > East Stronghold > Cochise Stronghold > Southern Arizona > Arizona",https://www.mountainproject.com/route/107919774/chokonen,2.0,-1,Sport,5.10,1,80,31.93911,-109.97019
"Bolting Elvis's","Main Wall > The Asylum > Jacks Canyon > Winslow- Hwy’s 87 & 99 Corridors > Northern Arizona > Arizona",https://www.mountainproject.com/route/107326847/bolting-elviss,2.0,-1,Sport,5.10,1,75,34.74779,-111.07682
"Killer On The Loose","Kill Wall > The Outback > 5 - Windy Ridge > Mount Lemmon (Catalina Highway) > Mount Lemmon (Santa Catalina Mountains) > Southern Arizona > Arizona",https://www.mountainproject.com/route/105972845/killer-on-the-loose,2.0,-1,Sport,5.10,1,70,32.3751,-110.70681
ERJS,"Boneyard > 6 - Mid-Mountain > Mount Lemmon (Catalina Highway) > Mount Lemmon (Santa Catalina Mountains) > Southern Arizona > Arizona",https://www.mountainproject.com/route/123288882/erjs,2.6,-1,Sport,5.10,1,100,32.40369,-110.6965
"To Loose To Goose","Lookout Mountain > **Phoenix Areas > Central Arizona > Arizona",https://www.mountainproject.com/route/106749402/to-loose-to-goose,1.7,-1,Sport,"5.10 PG13",1,40,33.62342,-112.04947
"The Little King","2 - King > Chessman Area > 2 - Bear Canyon > Mount Lemmon (Catalina Highway) > Mount Lemmon (Santa Catalina Mountains) > Southern Arizona > Arizona",https://www.mountainproject.com/route/111836200/the-little-king,1.6,-1,Sport,5.10,1,40,32.36032,-110.71983
"The Mayor","(A) Nose Rock > The Pit (aka Le Petit Verdon) > Flagstaff Area > Northern Arizona > Arizona",https://www.mountainproject.com/route/119863259/the-mayor,2.5,-1,Sport,5.10,1,25,35.12957,-111.59894
Malpractice,"Big Pine Towers - West Face > 3 - Windy Point East > Mount Lemmon (Catalina Highway) > Mount Lemmon (Santa Catalina Mountains) > Southern Arizona > Arizona",https://www.mountainproject.com/route/105839431/malpractice,1.9,-1,Sport,5.10,1,45,32.36771,-110.7136
"Central Corners","Lower Crag > Over The Hill > 2 - Bear Canyon > Mount Lemmon (Catalina Highway) > Mount Lemmon (Santa Catalina Mountains) > Southern Arizona > Arizona",https://www.mountainproject.com/route/120316402/central-corners,1.8,-1,Sport,5.10,1,60,32.37226,-110.70087
"Alt Tower Traverse","Rock Worship > Colorado City Area > The Arizona Strip > Northern Arizona > Arizona",https://www.mountainproject.com/route/121158531/alt-tower-traverse,2.0,-1,Sport,5.10,1,100,37.0243,-112.99602
McGoo,"Knob Hill - East > Knob Hill Area > McDowell Mountains > **Phoenix Areas > Central Arizona > Arizona",https://www.mountainproject.com/route/120106174/mcgoo,2.0,-1,Sport,5.10,1,70,33.68664,-111.80887
"Circle the drain","Quarantini crag > West side > Lower Middle Elden Canyon > Middle Elden Canyon > Mt. Elden Crags > Flagstaff Area > Northern Arizona > Arizona",https://www.mountainproject.com/route/119120679/circle-the-drain,2.0,-1,Sport,5.10,1,60,35.23111,-111.60449
Cartouche,"Pharaoh > 2 - Bear Canyon > Mount Lemmon (Catalina Highway) > Mount Lemmon (Santa Catalina Mountains) > Southern Arizona > Arizona",https://www.mountainproject.com/route/118132274/cartouche,2.0,-1,Sport,5.10,1,100,32.37686,-110.69491
"The Bouldery Route","The Tooth > Granite Basin Crags > Granite Mountain > **Prescott Area > Central Arizona > Arizona",https://www.mountainproject.com/route/116757786/the-bouldery-route,2.0,-1,Sport,5.10,1,50,34.61531,-112.53223
"Zone tail","Zone-tail Buttress > Isolation Canyon > Central Arizona > Arizona",https://www.mountainproject.com/route/114293379/zone-tail,2.0,-1,Sport,5.10,1,,34.36365,-111.44823
"Tuesday's Child","Dall Wall > Black Mountains - Golden Valley > Kingman Area > Northern Arizona > Arizona",https://www.mountainproject.com/route/114152368/tuesdays-child,2.0,-1,Sport,5.10,1,85,35.16028,-114.32982
"Phoenix Two Step","Hackberry Creek > Lower Devil's Canyon > Queen Creek Canyon > Central Arizona > Arizona",https://www.mountainproject.com/route/107059074/phoenix-two-step,2.0,-1,Sport,5.10,1,100,33.27463,-111.03207
Heaven,"Heaven's Gate > The Refuge > Lower Devil's Canyon > Queen Creek Canyon > Central Arizona > Arizona",https://www.mountainproject.com/route/107448098/heaven,2.0,-1,Sport,5.10,1,70,33.2728,-111.0475
"Hawk n Bladder","Hidden Towers > Lower Devil's Canyon > Queen Creek Canyon > Central Arizona > Arizona",https://www.mountainproject.com/route/108414144/hawk-n-bladder,2.0,-1,"Trad, Sport",5.10,1,120,33.27178,-111.04223
"Book of the Dead","Delta Dome > 7 - Upper Highway > Mount Lemmon (Catalina Highway) > Mount Lemmon (Santa Catalina Mountains) > Southern Arizona > Arizona",https://www.mountainproject.com/route/108854139/book-of-the-dead,1.7,-1,Sport,5.10,1,70,32.41849,-110.7529
digit-redo,"The Down Under > La Milagrosa Canyon > Southern Arizona > Arizona",https://www.mountainproject.com/route/106972762/digit-redo,1.7,-1,Sport,5.10,1,40,32.29998,-110.70997
"West Face Dihedral","TriTower > 7 - Upper Highway > Mount Lemmon (Catalina Highway) > Mount Lemmon (Santa Catalina Mountains) > Southern Arizona > Arizona",https://www.mountainproject.com/route/113157582/west-face-dihedral,1.8,-1,Sport,5.10,1,50,32.4289,-110.73473
"Bros Before Hobos (FKA Mushfaker)","Hobo Jungle > San Francisco Peaks > Flagstaff Area > Northern Arizona > Arizona",https://www.mountainproject.com/route/107704504/bros-before-hobos-fka-mushfaker,1.8,-1,Sport,5.10,1,80,35.3874,-111.61355
"Minute Made","Sixty Second Wall > 6 - Mid-Mountain > Mount Lemmon (Catalina Highway) > Mount Lemmon (Santa Catalina Mountains) > Southern Arizona > Arizona",https://www.mountainproject.com/route/112104638/minute-made,1.7,-1,Sport,5.10,1,50,32.40168,-110.68923
"Dancing Dwarfs","Wall of the Dancing Dwarfs > Munchkinland Area > 6 - Mid-Mountain > Mount Lemmon (Catalina Highway) > Mount Lemmon (Santa Catalina Mountains) > Southern Arizona > Arizona",https://www.mountainproject.com/route/106027986/dancing-dwarfs,1.4,-1,Sport,5.10,1,,32.3883,-110.71712
"Cactus Wren","The Saloon > Tucson Mountains > Southern Arizona > Arizona",https://www.mountainproject.com/route/121146146/cactus-wren,1.8,-1,Sport,5.10,1,30,32.35127,-111.13931
"Cookie Duster Roy","Kennel Wall > Canines, Lobo, & Kennel Wall > 3 - Windy Point East > Mount Lemmon (Catalina Highway) > Mount Lemmon (Santa Catalina Mountains) > Southern Arizona > Arizona",https://www.mountainproject.com/route/113920237/cookie-duster-roy,1.6,-1,Sport,5.10,1,,32.36786,-110.71241
"Gripple Variation","Hawk Boulder > McDowell Mountains > **Phoenix Areas > Central Arizona > Arizona",https://www.mountainproject.com/route/114173329/gripple-variation,1.8,-1,Sport,"5.10 R",1,40,33.68499,-111.80839
"I Wish I Was 40","Finland Terrace > The Homestead > Central Arizona > Arizona",https://www.mountainproject.com/route/118253094/i-wish-i-was-40,1.8,-1,Sport,5.10,1,50,33.17507,-110.78122
"Cinco de Mayo Variation","The Teapot > Mitten Ridge > Sedona > Sedona Area > Northern Arizona > Arizona",https://www.mountainproject.com/route/105821851/cinco-de-mayo-variation,1.7,-1,Sport,5.10,1,40,34.87421,-111.73225
"Reticent Alien","The Pyramid > 2 - Bear Canyon > Mount Lemmon (Catalina Highway) > Mount Lemmon (Santa Catalina Mountains) > Southern Arizona > Arizona",https://www.mountainproject.com/route/107924179/reticent-alien,1.7,-1,Sport,5.10,1,55,32.37349,-110.69243
"I Scream Sunday","Finland Terrace > The Homestead > Central Arizona > Arizona",https://www.mountainproject.com/route/107491460/i-scream-sunday,1.5,-1,Sport,5.10,1,50,33.17507,-110.78122
"Perezoso Pull-up","Sloth Slab > 7 - Upper Highway > Mount Lemmon (Catalina Highway) > Mount Lemmon (Santa Catalina Mountains) > Southern Arizona > Arizona",https://www.mountainproject.com/route/114365737/perezoso-pull-up,1.4,-1,Sport,5.10,1,25,32.42836,-110.74931
Watershed,"Forgotten Wall, Control Tower & Up The Creek Wall > 1 -  Lower Highway > Mount Lemmon (Catalina Highway) > Mount Lemmon (Santa Catalina Mountains) > Southern Arizona > Arizona",https://www.mountainproject.com/route/106112947/watershed,1.4,-1,Sport,5.10,1,70,32.35534,-110.71812
"Power to the Pagans","The Pantheon > Colosseum > 1 -  Lower Highway > Mount Lemmon (Catalina Highway) > Mount Lemmon (Santa Catalina Mountains) > Southern Arizona > Arizona",https://www.mountainproject.com/route/122319995/power-to-the-pagans,1.4,-1,Sport,5.10,1,45,32.32193,-110.71141
BeeWare!,"The Mustang > Southern Arizona > Arizona",https://www.mountainproject.com/route/105911409/beeware,1.4,-1,Sport,5.10,1,70,31.694,-110.4713
"Livin Covida Loca","Upper Crag (7 routes) > Over The Hill > 2 - Bear Canyon > Mount Lemmon (Catalina Highway) > Mount Lemmon (Santa Catalina Mountains) > Southern Arizona > Arizona",https://www.mountainproject.com/route/118742326/livin-covida-loca,1.5,-1,Sport,5.10,1,50,32.37235,-110.70105
RUJustHappy2CMe?,"The Phallus > School of Rock > 5 - Windy Ridge > Mount Lemmon (Catalina Highway) > Mount Lemmon (Santa Catalina Mountains) > Southern Arizona > Arizona",https://www.mountainproject.com/route/116177800/rujusthappy2cme,1.5,-1,Sport,5.10,1,50,32.37492,-110.70498
"Unknown chimney","East Side > Winslow Wall > East Clear Creek > Winslow- Hwy’s 87 & 99 Corridors > Northern Arizona > Arizona",https://www.mountainproject.com/route/112908932/unknown-chimney,1.5,-1,Sport,5.10,1,50,34.94209,-110.6632
"In the Rough","Way Back > The Outback > 5 - Windy Ridge > Mount Lemmon (Catalina Highway) > Mount Lemmon (Santa Catalina Mountains) > Southern Arizona > Arizona",https://www.mountainproject.com/route/114196742/in-the-rough,1.5,-1,Sport,5.10,1,60,32.38595,-110.6834
"Twelve O'Clock High","Lizard Rock > 5 - Windy Ridge > Mount Lemmon (Catalina Highway) > Mount Lemmon (Santa Catalina Mountains) > Southern Arizona > Arizona",https://www.mountainproject.com/route/107869795/twelve-oclock-high,1.5,-1,"Trad, Sport","5.10 R",1,70,32.3751,-110.70681
"Give It a Burl","The Down Under > La Milagrosa Canyon > Southern Arizona > Arizona",https://www.mountainproject.com/route/106974066/give-it-a-burl,1.5,-1,Sport,5.10,1,40,32.29998,-110.70997
"Your N Spot","Not So Steep > 7 - Upper Highway > Mount Lemmon (Catalina Highway) > Mount Lemmon (Santa Catalina Mountains) > Southern Arizona > Arizona",https://www.mountainproject.com/route/106302063/your-n-spot,1.1,-1,Sport,5.10,1,40,32.41908,-110.75559
Rebound,"Echo > 7 - Upper Highway > Mount Lemmon (Catalina Highway) > Mount Lemmon (Santa Catalina Mountains) > Southern Arizona > Arizona",https://www.mountainproject.com/route/120852568/rebound,1.3,-1,Sport,5.10,1,30,32.42192,-110.75379
"Authentic Life","Sphinx aka Cibola Mitten > Coffeepot Rock Area > West Sedona > Sedona Area > Northern Arizona > Arizona",https://www.mountainproject.com/route/106604759/authentic-life,1.3,-1,"Trad, Sport, Aid","5.10 C1 PG13",3,300,34.89078,-111.77794
"Because it's there","Continuum Crag > Spectrum Crags > 7 - Upper Highway > Mount Lemmon (Catalina Highway) > Mount Lemmon (Santa Catalina Mountains) > Southern Arizona > Arizona",https://www.mountainproject.com/route/110508587/because-its-there,1.0,-1,Sport,5.10,1,30,32.41767,-110.74981
"Too Far Gone","The Ruins > 1 -  Lower Highway > Mount Lemmon (Catalina Highway) > Mount Lemmon (Santa Catalina Mountains) > Southern Arizona > Arizona",https://www.mountainproject.com/route/106360639/too-far-gone,1.0,-1,Sport,5.10,1,80,32.32318,-110.69297
"Solar Sis-stem","Sun Spot Crags > 1 -  Lower Highway > Mount Lemmon (Catalina Highway) > Mount Lemmon (Santa Catalina Mountains) > Southern Arizona > Arizona",https://www.mountainproject.com/route/105905576/solar-sis-stem,1.0,-1,Sport,5.10,1,50,32.34035,-110.68889
"Old and Creeky","Forgotten Wall, Control Tower & Up The Creek Wall > 1 -  Lower Highway > Mount Lemmon (Catalina Highway) > Mount Lemmon (Santa Catalina Mountains) > Southern Arizona > Arizona",https://www.mountainproject.com/route/106106676/old-and-creeky,1.0,-1,Sport,5.10,1,70,32.35534,-110.71812
"Eskimo Roll","Forgotten Wall, Control Tower & Up The Creek Wall > 1 -  Lower Highway > Mount Lemmon (Catalina Highway) > Mount Lemmon (Santa Catalina Mountains) > Southern Arizona > Arizona",https://www.mountainproject.com/route/106106710/eskimo-roll,1.0,-1,Sport,5.10,1,90,32.35534,-110.71812
"Joe and Joe's original route.","Upper Crag (7 routes) > Over The Hill > 2 - Bear Canyon > Mount Lemmon (Catalina Highway) > Mount Lemmon (Santa Catalina Mountains) > Southern Arizona > Arizona",https://www.mountainproject.com/route/113984402/joe-and-joes-original-route,1.0,-1,Sport,5.10,1,35,32.37235,-110.70105
"Left Dihedral","Upper Crag (7 routes) > Over The Hill > 2 - Bear Canyon > Mount Lemmon (Catalina Highway) > Mount Lemmon (Santa Catalina Mountains) > Southern Arizona > Arizona",https://www.mountainproject.com/route/113984339/left-dihedral,1.0,-1,Sport,5.10,1,40,32.37235,-110.70105
"Star Search","Rollinstone > 2 - Bear Canyon > Mount Lemmon (Catalina Highway) > Mount Lemmon (Santa Catalina Mountains) > Southern Arizona > Arizona",https://www.mountainproject.com/route/107043588/star-search,1.0,-1,Sport,5.10,1,50,32.3705,-110.70796
"Victimless Climb","Hooligan's Hollow > 4 - Windy Point West > Mount Lemmon (Catalina Highway) > Mount Lemmon (Santa Catalina Mountains) > Southern Arizona > Arizona",https://www.mountainproject.com/route/107889660/victimless-climb,1.0,-1,Sport,5.10,1,30,32.36837,-110.71715
Clyde,"Hooligan's Hollow > 4 - Windy Point West > Mount Lemmon (Catalina Highway) > Mount Lemmon (Santa Catalina Mountains) > Southern Arizona > Arizona",https://www.mountainproject.com/route/107889646/clyde,1.0,-1,Sport,5.10,1,35,32.36837,-110.71715
"The shoe is on the other foot","The Panzer > 6 - Mid-Mountain > Mount Lemmon (Catalina Highway) > Mount Lemmon (Santa Catalina Mountains) > Southern Arizona > Arizona",https://www.mountainproject.com/route/105965116/the-shoe-is-on-the-other-foot,1.0,-1,"Trad, Sport",5.10,1,55,32.38886,-110.72031
"Feel the Creep","Sven Tower 1 > Sven Towers > McDowell Mountains > **Phoenix Areas > Central Arizona > Arizona",https://www.mountainproject.com/route/117806892/feel-the-creep,2.0,-1,Sport,5.10,1,70,33.68665,-111.8089
"Ugly Crack is what I call it","Upper Wall > Raycreation Area > 7 - Upper Highway > Mount Lemmon (Catalina Highway) > Mount Lemmon (Santa Catalina Mountains) > Southern Arizona > Arizona",https://www.mountainproject.com/route/113200870/ugly-crack-is-what-i-call-it,1.0,-1,"Sport, TR",5.10,1,30,32.42467,-110.74639
"Harpoon A Troon","Morrell's Wall > McDowell Mountains > **Phoenix Areas > Central Arizona > Arizona",https://www.mountainproject.com/route/111633379/harpoon-a-troon,1.0,-1,Sport,5.10,1,80,33.68572,-111.80174
"Ruskie Buisness","Crumblin' Wall > Bright Angel Walls > Grand Canyon > Northern Arizona > Arizona",https://www.mountainproject.com/route/108228037/ruskie-buisness,1.0,-1,"Trad, Sport",5.10,1,60,36.10733,-112.11205
"Lust In The Dust","Charlie Dome and The Lony Tusk > 7 - Upper Highway > Mount Lemmon (Catalina Highway) > Mount Lemmon (Santa Catalina Mountains) > Southern Arizona > Arizona",https://www.mountainproject.com/route/109483460/lust-in-the-dust,1.0,-1,Sport,5.10,1,50,32.41624,-110.7572
"Damsel In Distress","Ravelin, The > 8 - Summit Crags > Mount Lemmon (Catalina Highway) > Mount Lemmon (Santa Catalina Mountains) > Southern Arizona > Arizona",https://www.mountainproject.com/route/110889706/damsel-in-distress,1.0,-1,Sport,"5.10 PG13",1,45,32.4319,-110.7997
Wanderlusk,"Charlie Dome and The Lony Tusk > 7 - Upper Highway > Mount Lemmon (Catalina Highway) > Mount Lemmon (Santa Catalina Mountains) > Southern Arizona > Arizona",https://www.mountainproject.com/route/109483433/wanderlusk,1.0,-1,Sport,5.10,1,70,32.41624,-110.7572
"Head Gasket","The Smallblock > 6 - Mid-Mountain > Mount Lemmon (Catalina Highway) > Mount Lemmon (Santa Catalina Mountains) > Southern Arizona > Arizona",https://www.mountainproject.com/route/108132296/head-gasket,1.0,-1,Sport,5.10,1,40,32.40411,-110.69036
"Picture Perfect","Powerline Crag > Winslow- Hwy’s 87 & 99 Corridors > Northern Arizona > Arizona",https://www.mountainproject.com/route/107215749/picture-perfect,1.0,-1,Sport,5.10,1,30,34.5549,-111.1952
Shenanigans,"Hooligan's Hollow > 4 - Windy Point West > Mount Lemmon (Catalina Highway) > Mount Lemmon (Santa Catalina Mountains) > Southern Arizona > Arizona",https://www.mountainproject.com/route/107900719/shenanigans,1.0,-1,Sport,5.10,1,40,32.36837,-110.71715
"Unknown Arete","Ice Castles > **Phoenix Areas > Central Arizona > Arizona",https://www.mountainproject.com/route/123590714/unknown-arete,4.0,-1,Sport,5.10,1,50,33.77054,-112.2078
"Sidewalk Senderella","Promenade Wall > Colosseum > 1 -  Lower Highway > Mount Lemmon (Catalina Highway) > Mount Lemmon (Santa Catalina Mountains) > Southern Arizona > Arizona",https://www.mountainproject.com/route/123644493/sidewalk-senderella,2.1,-1,Sport,5.10,1,40,32.32185,-110.71126
Trundlina,"Promenade Wall > Colosseum > 1 -  Lower Highway > Mount Lemmon (Catalina Highway) > Mount Lemmon (Santa Catalina Mountains) > Southern Arizona > Arizona",https://www.mountainproject.com/route/123644497/trundlina,1.9,-1,Sport,5.10,1,40,32.32185,-110.71126
"The Rapture","The Solarium > The Agora > 1 -  Lower Highway > Mount Lemmon (Catalina Highway) > Mount Lemmon (Santa Catalina Mountains) > Southern Arizona > Arizona",https://www.mountainproject.com/route/123748849/the-rapture,2.4,-1,Sport,5.10,1,40,32.31241,-110.7103
"Leafblower Symphony","The Cloak > French Joe Canyon > Southern Arizona > Arizona",https://www.mountainproject.com/route/123863302/leafblower-symphony,1.0,-1,Sport,5.10,1,80,31.81515,-110.40895
"Poultry Emulsion","The Sheepshead > Sheepshead Area (Southwest) > West Stronghold > Cochise Stronghold > Southern Arizona > Arizona",https://www.mountainproject.com/route/123864657/poultry-emulsion,2.0,-1,Sport,5.10,2,230,31.87031,-109.99388
"Max Headwall","The Gap > West Stronghold > Cochise Stronghold > Southern Arizona > Arizona",https://www.mountainproject.com/route/124064459/max-headwall,2.5,-1,Sport,5.10,2,230,31.93698,-109.99468
"Hummer Day","Upper Wall > Exit Gorge > Christopher Creek Gorge > Central Arizona > Arizona",https://www.mountainproject.com/route/124345028/hummer-day,2.7,-1,Sport,5.10,1,95,34.3133,-111.06447
"White Privilege","Lower Wall > Exit Gorge > Christopher Creek Gorge > Central Arizona > Arizona",https://www.mountainproject.com/route/124359627/white-privilege,2.8,-1,Sport,5.10,1,45,34.31313,-111.0658
Mouseketteers,"Lower Wall > Exit Gorge > Christopher Creek Gorge > Central Arizona > Arizona",https://www.mountainproject.com/route/124359662/mouseketteers,2.0,-1,Sport,5.10,1,85,34.31313,-111.0658
Mouseineers,"Lower Wall > Exit Gorge > Christopher Creek Gorge > Central Arizona > Arizona",https://www.mountainproject.com/route/124359708/mouseineers,2.5,-1,Sport,5.10,1,85,34.31313,-111.0658
"Morning Light","Waterfall Area > Christopher Creek Gorge > Central Arizona > Arizona",https://www.mountainproject.com/route/124432140/morning-light,3.7,-1,Sport,5.10,2,180,34.30839,-111.0566
"Alternate Occurring","The Cove > Christopher Creek Gorge > Central Arizona > Arizona",https://www.mountainproject.com/route/124463460/alternate-occurring,2.0,-1,Sport,5.10,1,55,34.31064,-111.06709
"East of Eden","Eden > Christopher Creek Gorge > Central Arizona > Arizona",https://www.mountainproject.com/route/124634596/east-of-eden,3.0,-1,Sport,5.10,1,60,34.311,-111.06325
"Easy like Sunday Morning","Upper Wall > Exit Gorge > Christopher Creek Gorge > Central Arizona > Arizona",https://www.mountainproject.com/route/125135749/easy-like-sunday-morning,3.0,-1,Sport,5.10,1,70,34.3133,-111.06447
"Batteries Not Included","Kennel Wall > Canines, Lobo, & Kennel Wall > 3 - Windy Point East > Mount Lemmon (Catalina Highway) > Mount Lemmon (Santa Catalina Mountains) > Southern Arizona > Arizona",https://www.mountainproject.com/route/124076999/batteries-not-included,1.3,-1,Sport,"5.10 PG13",1,50,32.36786,-110.71241
"Bachelor Night","Thirteen Mile Rock > Central Mogollon Rim > Northern Arizona > Arizona",https://www.mountainproject.com/route/125299587/bachelor-night,2.0,-1,Sport,5.10,1,90,34.50376,-111.67743
"Little Orphan Annie ?","Lonesome Pine SE face > Lonesome Pine Crag > 5 - Windy Ridge > Mount Lemmon (Catalina Highway) > Mount Lemmon (Santa Catalina Mountains) > Southern Arizona > Arizona",https://www.mountainproject.com/route/125445187/little-orphan-annie,1.8,-1,Sport,5.10,1,30,32.3772,-110.70608
"Unknown Traverse","G. End of the Line > Land of High Bouldering aka The Ridge > Lake Mary Areas > *Flagstaff Bouldering* > *Northern AZ Bouldering* > Northern Arizona > Arizona",https://www.mountainproject.com/route/125720958/unknown-traverse,3.0,-1,Sport,5.10,1,70,35.09806,-111.54769
